-- phpMyAdmin SQL Dump
-- version 4.9.7
-- https://www.phpmyadmin.net/
--
-- Host: localhost:3306
-- Generation Time: Nov 10, 2022 at 09:29 AM
-- Server version: 5.7.23-23
-- PHP Version: 7.4.30

SET SQL_MODE = "NO_AUTO_VALUE_ON_ZERO";
SET AUTOCOMMIT = 0;
START TRANSACTION;
SET time_zone = "+00:00";


/*!40101 SET @OLD_CHARACTER_SET_CLIENT=@@CHARACTER_SET_CLIENT */;
/*!40101 SET @OLD_CHARACTER_SET_RESULTS=@@CHARACTER_SET_RESULTS */;
/*!40101 SET @OLD_COLLATION_CONNECTION=@@COLLATION_CONNECTION */;
/*!40101 SET NAMES utf8mb4 */;

--
-- Database: `zinmintu_awl_sys`
--

-- --------------------------------------------------------

--
-- Table structure for table `contracts`
--

CREATE TABLE `contracts` (
  `id` int(10) UNSIGNED NOT NULL,
  `demand_id` int(11) DEFAULT NULL,
  `overseas_agencie_id` int(11) DEFAULT NULL,
  `lot` text COLLATE utf8mb4_unicode_ci,
  `contract_date` text COLLATE utf8mb4_unicode_ci,
  `male` text COLLATE utf8mb4_unicode_ci,
  `female` text COLLATE utf8mb4_unicode_ci,
  `remark` text COLLATE utf8mb4_unicode_ci,
  `user_id` text COLLATE utf8mb4_unicode_ci,
  `created_at` timestamp NULL DEFAULT NULL,
  `updated_at` timestamp NULL DEFAULT NULL
) ENGINE=InnoDB DEFAULT CHARSET=utf8mb4 COLLATE=utf8mb4_unicode_ci;

-- --------------------------------------------------------

--
-- Table structure for table `countries`
--

CREATE TABLE `countries` (
  `id` int(10) UNSIGNED NOT NULL,
  `country` text COLLATE utf8mb4_unicode_ci,
  `created_at` timestamp NULL DEFAULT NULL,
  `updated_at` timestamp NULL DEFAULT NULL
) ENGINE=InnoDB DEFAULT CHARSET=utf8mb4 COLLATE=utf8mb4_unicode_ci;

--
-- Dumping data for table `countries`
--

INSERT INTO `countries` (`id`, `country`, `created_at`, `updated_at`) VALUES
(1, 'Thailand', '2022-09-30 21:25:50', '2022-09-30 21:26:07');

-- --------------------------------------------------------

--
-- Table structure for table `demands`
--

CREATE TABLE `demands` (
  `id` int(10) UNSIGNED NOT NULL,
  `overseas_agencie_id` int(11) DEFAULT NULL,
  `demand_date` text COLLATE utf8mb4_unicode_ci,
  `male` text COLLATE utf8mb4_unicode_ci,
  `female` text COLLATE utf8mb4_unicode_ci,
  `created_at` timestamp NULL DEFAULT NULL,
  `updated_at` timestamp NULL DEFAULT NULL,
  `demand_number` text COLLATE utf8mb4_unicode_ci,
  `approval_number` text COLLATE utf8mb4_unicode_ci,
  `approval_date` text COLLATE utf8mb4_unicode_ci,
  `file` text COLLATE utf8mb4_unicode_ci,
  `file_name` text COLLATE utf8mb4_unicode_ci
) ENGINE=InnoDB DEFAULT CHARSET=utf8mb4 COLLATE=utf8mb4_unicode_ci;

--
-- Dumping data for table `demands`
--

INSERT INTO `demands` (`id`, `overseas_agencie_id`, `demand_date`, `male`, `female`, `created_at`, `updated_at`, `demand_number`, `approval_number`, `approval_date`, `file`, `file_name`) VALUES
(1, 1, '17.6.2022', '0', '120', '2022-11-05 10:19:26', '2022-11-09 08:29:17', '5', '3/27-(2022/17691)', '11.7.2022', '', ''),
(2, 2, '17.6.2022', '14', '56', '2022-11-09 09:15:24', '2022-11-09 09:15:24', '5', '3/27-(2022/17691)', '11.7.2022', '', '');

-- --------------------------------------------------------

--
-- Table structure for table `employer_interviews`
--

CREATE TABLE `employer_interviews` (
  `id` int(10) UNSIGNED NOT NULL,
  `demand_id` int(11) DEFAULT NULL,
  `interview_date` text COLLATE utf8mb4_unicode_ci,
  `male` text COLLATE utf8mb4_unicode_ci,
  `female` text COLLATE utf8mb4_unicode_ci,
  `overseas_agencie_id` int(11) DEFAULT NULL,
  `created_at` timestamp NULL DEFAULT NULL,
  `updated_at` timestamp NULL DEFAULT NULL
) ENGINE=InnoDB DEFAULT CHARSET=utf8mb4 COLLATE=utf8mb4_unicode_ci;

-- --------------------------------------------------------

--
-- Table structure for table `failed_jobs`
--

CREATE TABLE `failed_jobs` (
  `id` bigint(20) UNSIGNED NOT NULL,
  `uuid` varchar(255) COLLATE utf8mb4_unicode_ci NOT NULL,
  `connection` text COLLATE utf8mb4_unicode_ci NOT NULL,
  `queue` text COLLATE utf8mb4_unicode_ci NOT NULL,
  `payload` longtext COLLATE utf8mb4_unicode_ci NOT NULL,
  `exception` longtext COLLATE utf8mb4_unicode_ci NOT NULL,
  `failed_at` timestamp NOT NULL DEFAULT CURRENT_TIMESTAMP
) ENGINE=InnoDB DEFAULT CHARSET=utf8mb4 COLLATE=utf8mb4_unicode_ci;

-- --------------------------------------------------------

--
-- Table structure for table `government_process_contracts`
--

CREATE TABLE `government_process_contracts` (
  `id` int(10) UNSIGNED NOT NULL,
  `demand_id` int(11) DEFAULT NULL,
  `overseas_agencie_id` int(11) DEFAULT NULL,
  `thai_date` text COLLATE utf8mb4_unicode_ci,
  `cabinet_date` text COLLATE utf8mb4_unicode_ci,
  `issue_date` text COLLATE utf8mb4_unicode_ci,
  `file_name` text COLLATE utf8mb4_unicode_ci,
  `file_path` text COLLATE utf8mb4_unicode_ci,
  `user_id` int(11) DEFAULT NULL,
  `created_at` timestamp NULL DEFAULT NULL,
  `updated_at` timestamp NULL DEFAULT NULL,
  `male` text COLLATE utf8mb4_unicode_ci,
  `female` text COLLATE utf8mb4_unicode_ci
) ENGINE=InnoDB DEFAULT CHARSET=utf8mb4 COLLATE=utf8mb4_unicode_ci;

-- --------------------------------------------------------

--
-- Table structure for table `government_process_sendings`
--

CREATE TABLE `government_process_sendings` (
  `id` int(10) UNSIGNED NOT NULL,
  `demand_id` int(11) DEFAULT NULL,
  `overseas_agencie_id` int(11) DEFAULT NULL,
  `thai_date` text COLLATE utf8mb4_unicode_ci,
  `cabinet_date` text COLLATE utf8mb4_unicode_ci,
  `issue_date` text COLLATE utf8mb4_unicode_ci,
  `file_name` text COLLATE utf8mb4_unicode_ci,
  `file_path` text COLLATE utf8mb4_unicode_ci,
  `user_id` int(11) DEFAULT NULL,
  `created_at` timestamp NULL DEFAULT NULL,
  `updated_at` timestamp NULL DEFAULT NULL,
  `ygn_to_myawaddy` text COLLATE utf8mb4_unicode_ci,
  `myawaddy_to_thai` text COLLATE utf8mb4_unicode_ci,
  `male` text COLLATE utf8mb4_unicode_ci,
  `female` text COLLATE utf8mb4_unicode_ci
) ENGINE=InnoDB DEFAULT CHARSET=utf8mb4 COLLATE=utf8mb4_unicode_ci;

-- --------------------------------------------------------

--
-- Table structure for table `interviews`
--

CREATE TABLE `interviews` (
  `id` int(10) UNSIGNED NOT NULL,
  `interview_title` text COLLATE utf8mb4_unicode_ci,
  `interview_date` text COLLATE utf8mb4_unicode_ci,
  `male` text COLLATE utf8mb4_unicode_ci,
  `female` text COLLATE utf8mb4_unicode_ci,
  `interview_type` text COLLATE utf8mb4_unicode_ci,
  `overseas_agencie_id` int(11) DEFAULT NULL,
  `demand_id` int(11) DEFAULT NULL,
  `created_at` timestamp NULL DEFAULT NULL,
  `updated_at` timestamp NULL DEFAULT NULL
) ENGINE=InnoDB DEFAULT CHARSET=utf8mb4 COLLATE=utf8mb4_unicode_ci;

--
-- Dumping data for table `interviews`
--

INSERT INTO `interviews` (`id`, `interview_title`, `interview_date`, `male`, `female`, `interview_type`, `overseas_agencie_id`, `demand_id`, `created_at`, `updated_at`) VALUES
(1, '4th', '8.11.2022', '0', '120', 'pre_interview', 1, 1, '2022-11-05 15:35:35', '2022-11-09 08:29:28'),
(2, '4th', '8.11.2022', '0', '120', 'employer_interview', 1, 1, '2022-11-09 12:35:35', '2022-11-09 12:35:35'),
(3, '4th', '8.11.2022', '14', '56', 'pre_interview', 2, 2, '2022-11-09 13:17:25', '2022-11-09 13:17:25');

-- --------------------------------------------------------

--
-- Table structure for table `migrations`
--

CREATE TABLE `migrations` (
  `id` int(10) UNSIGNED NOT NULL,
  `migration` varchar(255) COLLATE utf8mb4_unicode_ci NOT NULL,
  `batch` int(11) NOT NULL
) ENGINE=InnoDB DEFAULT CHARSET=utf8mb4 COLLATE=utf8mb4_unicode_ci;

--
-- Dumping data for table `migrations`
--

INSERT INTO `migrations` (`id`, `migration`, `batch`) VALUES
(1, '2014_10_12_000000_create_users_table', 1),
(2, '2014_10_12_100000_create_password_resets_table', 1),
(3, '2019_08_19_000000_create_failed_jobs_table', 1),
(4, '2019_12_14_000001_create_personal_access_tokens_table', 1),
(5, '2022_09_29_075400_add_fields_to_users_table', 2),
(6, '2022_10_01_035144_create_countries_table', 3),
(7, '2022_10_01_041558_create_overseas_agencies_table', 4),
(8, '2022_10_02_070418_create_demands_table', 5),
(9, '2022_10_02_093904_create_pre_interviews_table', 6),
(10, '2022_10_02_094732_add_overseas_agencie_id_to_pre_interviews_table', 7),
(16, '2022_10_03_003540_add_interview_title_to_pre_interviews_table', 11),
(17, '2022_10_03_004126_add_interview_title_to_employer_interviews_table', 12),
(18, '2022_10_03_015929_add_employer_interview_id_to_name_lists_table', 13),
(21, '2022_10_17_074050_create_interviews_table', 14),
(23, '2022_10_02_105223_create_name_lists_table', 15),
(24, '2022_10_02_235802_create_employer_interviews_table', 16),
(25, '2022_10_17_161113_add_extra_fields_to_name_lists_table', 17),
(26, '2022_10_18_150039_create_government_process_contracts_table', 18),
(27, '2022_10_18_154840_create_government_process_sendings_table', 19),
(29, '2022_10_19_040543_create_contracts_table', 20),
(30, '2022_10_21_081329_add_contract_id_to_name_lists_table', 21),
(31, '2022_10_23_043843_create_sendings_table', 22),
(33, '2022_10_25_050616_add_sending_field_to_name_lists_table', 23),
(34, '2022_10_25_054423_add_note_to_name_lists_table', 24),
(35, '2022_10_25_072930_add_fileds_to_users_table', 25),
(36, '2022_11_04_074217_add_physical_and_blindness_test_to_name_lists_table', 26),
(37, '2022_11_04_075202_add_covid_info_to_name_lists_table', 27),
(38, '2022_11_04_081651_add_demand_number_to_demands_table', 28),
(39, '2022_11_04_090934_add_demand_info_to_demands_table', 29),
(40, '2022_11_04_091253_add_file_name_to_demands_table', 30),
(41, '2022_11_04_094146_add_mail_female_to_government_process_contracts_table', 31),
(42, '2022_11_05_042534_add_contract_no_to_name_lists_table', 32),
(43, '2022_11_05_043625_add_age_to_name_lists_table', 33),
(44, '2022_11_05_070624_add_date_to_government_process_sendings_table', 34);

-- --------------------------------------------------------

--
-- Table structure for table `name_lists`
--

CREATE TABLE `name_lists` (
  `id` int(10) UNSIGNED NOT NULL,
  `interview_id` int(11) DEFAULT NULL,
  `demand_id` int(11) DEFAULT NULL,
  `overseas_agencie_id` int(11) DEFAULT NULL,
  `name` text COLLATE utf8mb4_unicode_ci,
  `gender` text COLLATE utf8mb4_unicode_ci,
  `nrc` text COLLATE utf8mb4_unicode_ci,
  `father_name` text COLLATE utf8mb4_unicode_ci,
  `mother_name` text COLLATE utf8mb4_unicode_ci,
  `qualification` text COLLATE utf8mb4_unicode_ci,
  `date_of_birth` text COLLATE utf8mb4_unicode_ci,
  `native_town` text COLLATE utf8mb4_unicode_ci,
  `region` text COLLATE utf8mb4_unicode_ci,
  `come_from_to_interview` text COLLATE utf8mb4_unicode_ci,
  `expiry_date` text COLLATE utf8mb4_unicode_ci,
  `slip_date` text COLLATE utf8mb4_unicode_ci,
  `passport_issue_date` text COLLATE utf8mb4_unicode_ci,
  `medical_fail` text COLLATE utf8mb4_unicode_ci,
  `phone_number` text COLLATE utf8mb4_unicode_ci,
  `passport_number` text COLLATE utf8mb4_unicode_ci,
  `remark` text COLLATE utf8mb4_unicode_ci,
  `labour_card_no` text COLLATE utf8mb4_unicode_ci,
  `issue_of_labour_date` text COLLATE utf8mb4_unicode_ci,
  `join_date` text COLLATE utf8mb4_unicode_ci,
  `bg_color` text COLLATE utf8mb4_unicode_ci,
  `interview_type` text COLLATE utf8mb4_unicode_ci,
  `created_at` timestamp NULL DEFAULT NULL,
  `updated_at` timestamp NULL DEFAULT NULL,
  `no` text COLLATE utf8mb4_unicode_ci,
  `fail_cancel` text COLLATE utf8mb4_unicode_ci,
  `contract_id` int(11) DEFAULT NULL,
  `contract_submit_date` text COLLATE utf8mb4_unicode_ci,
  `contract_user_id` int(11) DEFAULT NULL,
  `sending_id` int(11) DEFAULT NULL,
  `sending_submit_date` text COLLATE utf8mb4_unicode_ci,
  `sending_user_id` text COLLATE utf8mb4_unicode_ci,
  `note` text COLLATE utf8mb4_unicode_ci,
  `physical_and_blindness_test` text COLLATE utf8mb4_unicode_ci,
  `covid_vaccine_first_dose` text COLLATE utf8mb4_unicode_ci,
  `covid_vaccine_second_dose` text COLLATE utf8mb4_unicode_ci,
  `contract_no` text COLLATE utf8mb4_unicode_ci,
  `age` text COLLATE utf8mb4_unicode_ci,
  `departure_date` text COLLATE utf8mb4_unicode_ci
) ENGINE=InnoDB DEFAULT CHARSET=utf8mb4 COLLATE=utf8mb4_unicode_ci;

--
-- Dumping data for table `name_lists`
--

INSERT INTO `name_lists` (`id`, `interview_id`, `demand_id`, `overseas_agencie_id`, `name`, `gender`, `nrc`, `father_name`, `mother_name`, `qualification`, `date_of_birth`, `native_town`, `region`, `come_from_to_interview`, `expiry_date`, `slip_date`, `passport_issue_date`, `medical_fail`, `phone_number`, `passport_number`, `remark`, `labour_card_no`, `issue_of_labour_date`, `join_date`, `bg_color`, `interview_type`, `created_at`, `updated_at`, `no`, `fail_cancel`, `contract_id`, `contract_submit_date`, `contract_user_id`, `sending_id`, `sending_submit_date`, `sending_user_id`, `note`, `physical_and_blindness_test`, `covid_vaccine_first_dose`, `covid_vaccine_second_dose`, `contract_no`, `age`, `departure_date`) VALUES
(1, 1, 1, 1, 'YADANAR', 'F', '9/SA KA NA(N)119466', 'U MAUNG NAING', '', '2rd(Mya)', '4.3.2001', 'SINTGU', 'MANDALAY', '', '11.8.2027', '', '12.8.2022', '', '09954154731', 'MG282637', NULL, NULL, NULL, '2022-11-09 02:18:14', NULL, 'pre_interview', '2022-11-09 08:18:14', '2022-11-09 08:59:20', '1', '', NULL, NULL, NULL, NULL, NULL, NULL, NULL, 'Pass', '1.11.2021', '3.12.2021', '', '22', NULL),
(2, 1, 1, 1, 'THANDAR KHAING', 'F', '9/SA KA NA(N)127496', 'U MAUNG NAING', '', '10 TH', '10.3.2003', 'SINTGU', 'MANDALAY', '', '23.9.2027', '', '24.9.2022', '', '09426499145', 'MG542045', '', NULL, NULL, '2022-11-09 02:18:14', NULL, 'pre_interview', '2022-11-09 08:18:14', '2022-11-09 08:18:14', '2', '', NULL, NULL, NULL, NULL, NULL, NULL, NULL, 'Pass', '20.4.2022', '24.5.2022', '', '19', NULL),
(3, 1, 1, 1, 'KAY THI MYINT AUNG', 'F', '12/LA KA NA(N)180297', 'U MYINT AUNG', '', '4 TH', '15.6.1981', 'HLEGU', 'YANGON', '', '11.9.2027', '', '12.9.2022', '', '09761785878', 'MG457208', NULL, NULL, NULL, '2022-11-09 02:18:14', NULL, 'pre_interview', '2022-11-09 08:18:14', '2022-11-09 08:20:01', '3', '', NULL, NULL, NULL, NULL, NULL, NULL, NULL, 'Pass', '24.11.2021', '24.12.2021', '', '41', NULL),
(4, 1, 1, 1, 'HNIN MAR LAR', 'F', '8/SA PA WA(N)083501', 'U WIN SEIN', '', '7 TH', '29.12.1987', 'SINBAUNGWE', 'MAGWAY', '', '28.4.2027', '', '29.4.2022', '', '09266566500', 'MF864358', '', NULL, NULL, '2022-11-09 02:18:14', NULL, 'pre_interview', '2022-11-09 08:18:14', '2022-11-09 08:18:14', '4', '', NULL, NULL, NULL, NULL, NULL, NULL, NULL, 'Pass', '7.12.2021', '3.1.2022', '', '38', NULL),
(5, 1, 1, 1, 'NWAY NWAY WINT', 'F', '12/KA MA YA(N)066878', 'U TIN PE', '', 'B.SC', '11.6.1994', 'YANGON', 'YANGON', '', '25.9.2027', '', '16.9.2022', '', '09455167317', 'MG506348', '', NULL, NULL, '2022-11-09 02:18:14', NULL, 'pre_interview', '2022-11-09 08:18:14', '2022-11-09 08:18:14', '5', '', NULL, NULL, NULL, NULL, NULL, NULL, NULL, 'Pass', '20.9.2021', '18.10.2021', '', '28', NULL),
(6, 1, 1, 1, 'MYO SANDAR', 'F', '14/DA DA YA(N)241380', 'U TIN NYEIN', '', '4 TH', '8.5.1996', 'DADAYAE', 'AYARWADDY', '', '23.9.2027', '', '24.9.2022', '', '09978089174', 'MG539248', '', NULL, NULL, '2022-11-09 02:18:14', NULL, 'pre_interview', '2022-11-09 08:18:14', '2022-11-09 08:18:14', '6', '', NULL, NULL, NULL, NULL, NULL, NULL, NULL, 'Pass', '25.9.2022', '24.10.2022', '', '26', NULL),
(7, 1, 1, 1, 'NAN NWE SOE', 'F', '12/MA GA DA(N)160231', 'U THEIN SHWE', '', 'B.S.C', '26.1.1991', 'YANGON', 'YANGON', '', '17.10.2027', '', '18.10.2022', '', '09456233989', 'MG658716', '', NULL, NULL, '2022-11-09 02:18:14', NULL, 'pre_interview', '2022-11-09 08:18:14', '2022-11-09 08:18:14', '7', '', NULL, NULL, NULL, NULL, NULL, NULL, NULL, 'Pass', '22.11.2021', '20.12.2021', '', '32', NULL),
(8, 1, 1, 1, 'NUG WAR KHAING', 'F', '12/MA GA DA(N)170387', 'U KALAR', '', 'B.Sc(Zoo)', '29.12.1997', 'YANGON', 'YANGON', '', '17.10.2027', '', '18.10.2022', '', '09251054046', 'MF658730', '', NULL, NULL, '2022-11-09 02:18:14', NULL, 'pre_interview', '2022-11-09 08:18:14', '2022-11-09 08:18:14', '8', '', NULL, NULL, NULL, NULL, NULL, NULL, NULL, 'Pass', '12.10.2021', '10.11.2021', '', '25', NULL),
(9, 1, 1, 1, 'TIN NWE WIN', 'F', '12/MA GA DA(N)147972', 'U MYINT MAUNG', '', 'B.Sc(Zoo)', '17.12.1994', 'YANGON', 'YANGON', '', '17.10.2027', '', '18.10.2022', '', '09250057677', 'MG658727', '', NULL, NULL, '2022-11-09 02:18:14', NULL, 'pre_interview', '2022-11-09 08:18:14', '2022-11-09 08:18:14', '9', '', NULL, NULL, NULL, NULL, NULL, NULL, NULL, 'Pass', '22.11.2021', '20.12.2021', '', '29', NULL),
(10, 1, 1, 1, 'NWEE NI WIN', 'F', '12/MA GA DA(N)219826', 'U AUNG THAN HTIKE', '', '10 TH', '16.7.2000', 'YANGON', 'YANGON', '', '', '30.10.2022', '', '', '09690638871', '', '', NULL, NULL, '2022-11-09 02:18:14', NULL, 'pre_interview', '2022-11-09 08:18:14', '2022-11-09 08:18:14', '10', '', NULL, NULL, NULL, NULL, NULL, NULL, NULL, 'Pass', '27.11.2021', '23.12.2021', '', '22', NULL),
(11, 1, 1, 1, 'NWET NAUNG', 'F', '8/MA BA NA(N)160045', 'U TIN WIN', '', '8 TH', '17.12.1993', 'MINBU', 'MAGWAY', '', '9.9.2027', '', '10.9.2022', '', '09961711388', 'MG451718', '', NULL, NULL, '2022-11-09 02:18:14', NULL, 'pre_interview', '2022-11-09 08:18:14', '2022-11-09 08:18:14', '11', '', NULL, NULL, NULL, NULL, NULL, NULL, NULL, 'Pass', '26.8.2021', '23.9.2021', '', '28', NULL),
(12, 1, 1, 1, 'KAY THWE MOE', 'F', '9/TA THA NA(N)205264', 'U MYINT SHWE', '', '9 TH', '18.5.1998', 'TAUNGTHAR', 'MANDALAY', '', '', '27.10.2022', '', '', '09666738733', '', '', NULL, NULL, '2022-11-09 02:18:14', NULL, 'pre_interview', '2022-11-09 08:18:14', '2022-11-09 08:18:14', '12', '', NULL, NULL, NULL, NULL, NULL, NULL, NULL, 'Pass', '8.2.2022', '28.9.2022', '', '24', NULL),
(13, 1, 1, 1, 'THWE THWE WIN', 'F', '12/KHA YA NA(N)159222', 'U AYE KHAING', '', '5 TH', '27.10.1995', 'KHAYAN', 'YANGON', '', '19.10.2027', '', '20.10.2022', '', '09685277571', 'MG668058', '', NULL, NULL, '2022-11-09 02:18:14', NULL, 'pre_interview', '2022-11-09 08:18:14', '2022-11-09 08:18:14', '13', '', NULL, NULL, NULL, NULL, NULL, NULL, NULL, 'Pass', '26.8.2021', '23.9.2021', '', '27', NULL),
(14, 1, 1, 1, 'EI EI AUNG', 'F', '12/MA GA DA(N)210180', 'U AUNG TUN', '', '10 TH', '16.6.2002', 'YANGON', 'YANGON', '', '13.10.2027', '', '14.10.2022', '', '09765190589', 'MG627408', '', NULL, NULL, '2022-11-09 02:18:14', NULL, 'pre_interview', '2022-11-09 08:18:14', '2022-11-09 08:18:14', '14', '', NULL, NULL, NULL, NULL, NULL, NULL, NULL, 'Pass', '5.10.2022', '4.11.2022', '', '20', NULL),
(15, 1, 1, 1, 'KHAING HNIN WAI', 'F', '5/TA SA NA(N)168576', 'U TUN SHWE', '', '8 TH', '24.4.1999', 'TAZE', 'SAGING', '', '5.10.2027', '', '6.10.2022', '', '09425254376', 'MG589087', '', NULL, NULL, '2022-11-09 02:18:14', NULL, 'pre_interview', '2022-11-09 08:18:14', '2022-11-09 08:18:14', '15', '', NULL, NULL, NULL, NULL, NULL, NULL, NULL, 'Pass', '25.8.2021', '22.9.2021', '', '23', NULL),
(16, 1, 1, 1, 'SOE MOE THU', 'F', '9/TA THA NA(N)187064', 'U MYINT SHWE', '', '10 TH', '30.5.1994', 'TAUNGTHAR', 'MANDALAY', '', '', '30.10.2022', '', '', '09762650803', '', '', NULL, NULL, '2022-11-09 02:18:14', NULL, 'pre_interview', '2022-11-09 08:18:14', '2022-11-09 08:18:14', '16', '', NULL, NULL, NULL, NULL, NULL, NULL, NULL, 'Pass', '26.8.2021', '23.9.2021', '', '28', NULL),
(17, 1, 1, 1, 'KAY THWE SOE', 'F', '9/TA THA NA(N)241879', 'U MYINT SHWE', '', '10 TH', '11.11.2002', 'TAUNGTHAR', 'MANDALAY', '', '', '30.10.2022', '', '', '09455577808', '', '', NULL, NULL, '2022-11-09 02:18:14', NULL, 'pre_interview', '2022-11-09 08:18:14', '2022-11-09 08:18:14', '17', '', NULL, NULL, NULL, NULL, NULL, NULL, NULL, 'Pass', '26.8.2021', '23.9.2021', '', '20', NULL),
(18, 1, 1, 1, 'AYE THU ZAR', 'F', '9/WA TA NA(N)255320', 'U WIN ZAW', '', '8 TH', '26.9.1999', 'WUNDWIN', 'MANDALAY', '', '', '7.11.2022', '', '', '09789610677', '', '', NULL, NULL, '2022-11-09 02:18:14', NULL, 'pre_interview', '2022-11-09 08:18:14', '2022-11-09 08:18:14', '18', '', NULL, NULL, NULL, NULL, NULL, NULL, NULL, 'Pass', '8.4.2022', '8.5.2022', '', '23', NULL),
(19, 1, 1, 1, 'MA PWAL', 'F', '9/THA SA NA(N)158292', 'U PHOE KHIN', '', '2 TH', '28.3.1992', 'THAZI', 'MANDALAY', '', '', '7.11.2022', '', '', '09798154226', '', '', NULL, NULL, '2022-11-09 02:18:14', NULL, 'pre_interview', '2022-11-09 08:18:14', '2022-11-09 08:18:14', '19', '', NULL, NULL, NULL, NULL, NULL, NULL, NULL, 'Pass', '24.3.2022', '23.4.2022', '', '30', NULL),
(20, 1, 1, 1, 'SANDAR LIN', 'F', '9/WA TA NA(N)255386', 'U MAUNG PO', '', '5 TH', '19.4.2002', 'WUNDWIN', 'MANDALAY', '', '2.3.2027', '', '3.3.2022', '', '09665523945', 'MF702500', '', NULL, NULL, '2022-11-09 02:18:14', NULL, 'pre_interview', '2022-11-09 08:18:14', '2022-11-09 08:18:14', '20', '', NULL, NULL, NULL, NULL, NULL, NULL, NULL, 'Pass', '6.10.2021', '3.11.201', '', '20', NULL),
(21, 1, 1, 1, 'MYA LAE YEE WIN', 'F', '12/TA GA KA(N)165509', 'U KYAW WIN', '', '3rd(GEO)', '17.5.1987', 'YANGON', 'YANGON', '', '', '4.11.2022', '', '', '09671999855', '', '', NULL, NULL, '2022-11-09 02:18:14', NULL, 'pre_interview', '2022-11-09 08:18:14', '2022-11-09 08:18:14', '21', '', NULL, NULL, NULL, NULL, NULL, NULL, NULL, 'Pass', '20.8.2021', '17.9.2021', '', '35', NULL),
(22, 1, 1, 1, 'WIN WIN MAW', 'F', '12/MA GA DA(N)020025', 'U TUN HLAING', '', '8 TH', '28.2.1986', 'YANGON', 'YANGON', '', '11.1.2027', '', '12.1.2022', '', '09449933169', 'MF602073', '', NULL, NULL, '2022-11-09 02:18:14', NULL, 'pre_interview', '2022-11-09 08:18:14', '2022-11-09 08:18:14', '22', '', NULL, NULL, NULL, NULL, NULL, NULL, NULL, 'Pass', '1.8.2022', '30.8.2022', '', '36', NULL),
(23, 1, 1, 1, 'CHAW SU HTWE', 'F', '12/YA PA THA(N)094109', 'U THAN HTWE', '', '9 TH', '20.3.1995', 'YANGON', 'YANGON', '', '1.7.2027', '', '2.7.2022', '', '09455616411', 'MG106252', '', NULL, NULL, '2022-11-09 02:18:14', NULL, 'pre_interview', '2022-11-09 08:18:14', '2022-11-09 08:18:14', '23', '', NULL, NULL, NULL, NULL, NULL, NULL, NULL, 'Pass', '20.3.2022', '24.4.2022', '', '27', NULL),
(24, 1, 1, 1, 'AYE AYE THIN', 'F', '9/PA OH LA(N)046455', 'U AUNG SHWE', '', '4 TH', '26.1.1992', 'PYINOOLWIN', 'MANDALAY', '', '25.9.2027', '', '26.9.2022', '', '09787064432', 'MG546594', '', NULL, NULL, '2022-11-09 02:18:14', NULL, 'pre_interview', '2022-11-09 08:18:14', '2022-11-09 08:18:14', '24', '', NULL, NULL, NULL, NULL, NULL, NULL, NULL, 'Pass', '22.3.2022', '20.4.2022', '', '30', NULL),
(25, 1, 1, 1, 'HNIN THAW TAR WIN', 'F', '12/MA GA DA(N)198943', 'U MYA WIN', '', '10 TH', '20.1.2000', 'YANGON', 'YANGON', '', '4.5.2027', '', '5.5.2022', '', '09957687729', 'MF879248', '', NULL, NULL, '2022-11-09 02:18:14', NULL, 'pre_interview', '2022-11-09 08:18:14', '2022-11-09 08:18:14', '25', '', NULL, NULL, NULL, NULL, NULL, NULL, NULL, 'Pass', '11.10.2021', '8.10.2021', '', '22', NULL),
(26, 1, 1, 1, 'HNIN NANDAR SOE', 'F', '8/PA KHA KA(N)292359', 'U SOE LWIN', '', '10 TH', '13.5.1996', 'PAKOKKU', 'MAGWAY', '', '28.6.2027', '', '29.6.2022', '', '09442614166', 'MG084988', '', NULL, NULL, '2022-11-09 02:18:14', NULL, 'pre_interview', '2022-11-09 08:18:14', '2022-11-09 08:18:14', '26', '', NULL, NULL, NULL, NULL, NULL, NULL, NULL, 'Pass', '22.3.2022', '20.4.2022', '', '26', NULL),
(27, 1, 1, 1, 'HTET HTET KHAING', 'F', '8/PA MA NA(N)170782', 'U AUNG SAN', '', '6 TH', '26.8.1995', 'PAUK', 'MAGWAY', '', '19.6.2027', '', '20.6.2022', '', '09769950058', 'MG053643', '', NULL, NULL, '2022-11-09 02:18:14', NULL, 'pre_interview', '2022-11-09 08:18:14', '2022-11-09 08:18:14', '27', '', NULL, NULL, NULL, NULL, NULL, NULL, NULL, 'Pass', '22.3.2022', '20.4.2022', '', '29', NULL),
(28, 1, 1, 1, 'KHIN AYE SOE', 'F', '14/BA KA LA(N)243175', 'U THAUNG AYE', '', '10 TH', '28.12.1990', 'BOGALE', 'AYARWADDY', '', '17.6.2027', '', '18.6.2022', '', '09260283018', 'MG050887', '', NULL, NULL, '2022-11-09 02:18:14', NULL, 'pre_interview', '2022-11-09 08:18:14', '2022-11-09 08:18:14', '28', '', NULL, NULL, NULL, NULL, NULL, NULL, NULL, 'Pass', '18.8.2021', '16.9.2021', '', '32', NULL),
(29, 1, 1, 1, 'PHYOE PHYOE AYE', 'F', '9/TA KA NA(N)159469', 'U WIN SHWE', '', '8 TH', '26.10.1992', 'TATKON', 'NAYPYITAW', '', '25.9.2027', '', '26.9.2022', '', '09760777534', 'MG545918', '', NULL, NULL, '2022-11-09 02:18:14', NULL, 'pre_interview', '2022-11-09 08:18:14', '2022-11-09 08:18:14', '29', '', NULL, NULL, NULL, NULL, NULL, NULL, NULL, 'Pass', '19.11.2021', '17.12.2021', '', '30', NULL),
(30, 1, 1, 1, 'THET MON OO', 'F', '9/TA KA NA(N)231524', 'U KYAW NAING OO', '', '10 TH', '15.3.2003', 'TATKON', 'NAYPYITAW', '', '16.12.2026', '', '17.12.2021', '', '09883599217', 'MF501907', '', NULL, NULL, '2022-11-09 02:18:14', NULL, 'pre_interview', '2022-11-09 08:18:14', '2022-11-09 08:18:14', '30', '', NULL, NULL, NULL, NULL, NULL, NULL, NULL, 'Pass', '14.11.2021', '12.12.2021', '', '19', NULL),
(31, 1, 1, 1, 'WAI WAI LWIN', 'F', '9/TA KA NA(N)237689', 'U WIN NAING', '', '8 TH', '3.4.2000', 'TATKON', 'NAYPYITAW', '', '25.7.2027', '', '26.7.2022', '', '09982575232', 'MG183725', '', NULL, NULL, '2022-11-09 02:18:14', NULL, 'pre_interview', '2022-11-09 08:18:14', '2022-11-09 08:18:14', '31', '', NULL, NULL, NULL, NULL, NULL, NULL, NULL, 'Pass', '4.7.2022', '1.8.2022', '', '22', NULL),
(32, 1, 1, 1, 'HAY MAR NWE', 'F', '9/TA KA NA(N)256710', 'U SAN MYINT OO', '', '8 TH', '13.6.2004', 'TATKON', 'NAYPYITAW', '', '25.7.2027', '', '26.7.2022', '', '09982575232', 'MG183731', '', NULL, NULL, '2022-11-09 02:18:14', NULL, 'pre_interview', '2022-11-09 08:18:14', '2022-11-09 08:18:14', '32', '', NULL, NULL, NULL, NULL, NULL, NULL, NULL, 'Pass', '7.10.2022', '4.2.2022', '', '18', NULL),
(33, 1, 1, 1, 'LAE LAE WIN', 'F', '9/TA KA NA(N)221591', 'U HLA MYINT', '', '5 TH', '3.7.1998', 'TATKON', 'NAYPYITAW', '', '26.6.2027', '', '27.6.2022', '', '09974147261', 'MG075049', '', NULL, NULL, '2022-11-09 02:18:14', NULL, 'pre_interview', '2022-11-09 08:18:14', '2022-11-09 08:18:14', '33', '', NULL, NULL, NULL, NULL, NULL, NULL, NULL, 'Pass', '26.11.2021', '24.12.2021', '', '34', NULL),
(34, 1, 1, 1, 'EI EI HTWE', 'F', '9/TA KA NA(N)231529', 'U HLA MYINT', '', '10 TH', '27.4.2002', 'TATKON', 'NAYPYITAW', '', '7.3.2027', '', '8.3.2022', '', '09978700262', 'MF713289', '', NULL, NULL, '2022-11-09 02:18:14', NULL, 'pre_interview', '2022-11-09 08:18:14', '2022-11-09 08:18:14', '34', '', NULL, NULL, NULL, NULL, NULL, NULL, NULL, 'Pass', '19.11.2021', '17.12.2021', '', '20', NULL),
(35, 1, 1, 1, 'THAE THAE OO', 'F', '9/TA KA NA(N)212765', 'U SOE MYINT', '', 'Final(Mya)', '6.10.1998', 'TATKON', 'NAYPYITAW', '', '26.6.2027', '', '27.6.2022', '', '09988890637', 'MG074897', '', NULL, NULL, '2022-11-09 02:18:14', NULL, 'pre_interview', '2022-11-09 08:18:14', '2022-11-09 08:18:14', '35', '', NULL, NULL, NULL, NULL, NULL, NULL, NULL, 'Pass', '23.4.2022', '9.9.2022', '', '24', NULL),
(36, 1, 1, 1, 'THUZAR MOE', 'F', '9/TA KA NA(N)253249', 'U SOE MYINT', '', '10 TH', '1.9.2004', 'TATKON', 'NAYPYITAW', '', '21.9.2027', '', '22.9.2022', '', '09681362103', 'MG533104', '', NULL, NULL, '2022-11-09 02:18:14', NULL, 'pre_interview', '2022-11-09 08:18:14', '2022-11-09 08:18:14', '36', '', NULL, NULL, NULL, NULL, NULL, NULL, NULL, 'Pass', '23.4.2022', '9.9.2022', '', '18', NULL),
(37, 1, 1, 1, 'YADANAR KHIN', 'F', '9/TA KA NA(N)250887', 'U KHIN MAUNG SWE', '', '10 TH', '24.10.2002', 'TATKON', 'NAYPYITAW', '', '30.5.2027', '', '31.5.2022', '', '09989407504', 'MF973595', '', NULL, NULL, '2022-11-09 02:18:14', NULL, 'pre_interview', '2022-11-09 08:18:14', '2022-11-09 08:18:14', '37', '', NULL, NULL, NULL, NULL, NULL, NULL, NULL, 'Pass', '19.11.2021', '17.12.2021', '', '20', NULL),
(38, 1, 1, 1, 'TIN ZAR WIN', 'F', '9/TA KA NA(N)212871', 'U KYIN SHEIN', '', '7 TH', '26.5.1994', 'TATKON', 'NAYPYITAW', '', '24.11.2026', '', '25.11.2021', '', '09683368787', 'MF450025', '', NULL, NULL, '2022-11-09 02:18:14', NULL, 'pre_interview', '2022-11-09 08:18:14', '2022-11-09 08:18:14', '38', '', NULL, NULL, NULL, NULL, NULL, NULL, NULL, 'Pass', '26.10.2021', '25.11.2021', '', '28', NULL),
(39, 1, 1, 1, 'NWE NWE AUNG', 'F', '7/MA LA NA(N)142914', 'U AUNG WIN', '', '10 TH', '1.6.1998', 'MINHLA', 'BAGO', '', '5.6.2027', '', '6.6.2022', '', '09698515884', 'MF989945', '', NULL, NULL, '2022-11-09 02:18:14', NULL, 'pre_interview', '2022-11-09 08:18:14', '2022-11-09 08:18:14', '39', '', NULL, NULL, NULL, NULL, NULL, NULL, NULL, 'Pass', '6.8.2021', '5.9.2021', '', '24', NULL),
(40, 1, 1, 1, 'HTET HTET LIN', 'F', '9/TA KA NA(N)231526', 'U ZAW THAN NAING', '', '10 TH', '9.9.2000', 'TATKON', 'NAYPYITAW', '', '26.6.2027', '', '27.6.2022', '', '09765278785', 'MG075048', '', NULL, NULL, '2022-11-09 02:18:14', NULL, 'pre_interview', '2022-11-09 08:18:14', '2022-11-09 08:18:14', '40', '', NULL, NULL, NULL, NULL, NULL, NULL, NULL, 'Pass', '19.11.2021', '17.12.2021', '', '20', NULL),
(41, 1, 1, 1, 'NANDAR WIN', 'F', '9/TA KA NA(N)250368', 'U KHIN MAUNG WIN', '', '10 TH', '15.9.2001', 'TATKON', 'NAYPYITAW', '', '22.6.2027', '', '23.6.2022', '', '09892156339', 'MG066101', '', NULL, NULL, '2022-11-09 02:18:14', NULL, 'pre_interview', '2022-11-09 08:18:14', '2022-11-09 08:18:14', '41', '', NULL, NULL, NULL, NULL, NULL, NULL, NULL, 'Pass', '14.10.2021', '11.11.2021', '', '21', NULL),
(42, 1, 1, 1, 'KHIN SU PO', 'F', '9/TA KA NA(N)245566', 'U PU TO', '', '8 TH', '28.6.2003', 'TATKON', 'NAYPYITAW', '', '26.6.2027', '', '27.6.2022', '', '09940310766', 'MG075047', '', NULL, NULL, '2022-11-09 02:18:14', NULL, 'pre_interview', '2022-11-09 08:18:14', '2022-11-09 08:18:14', '42', '', NULL, NULL, NULL, NULL, NULL, NULL, NULL, 'Pass', '19.11.2021', '17.12.2021', '', '19', NULL),
(43, 1, 1, 1, 'EI EI NYEIN', 'F', '7/PA KHA NA(N)375262', 'U KYAW SHWE', '', '7 TH', '10.3.1992', 'BAGO', 'BAGO', '', '5.9.2027', '', '6.9.2022', NULL, '09759511468', 'MG430591', '', NULL, NULL, '2022-11-09 02:18:14', NULL, 'pre_interview', '2022-11-09 08:18:14', '2022-11-09 12:41:56', '43', NULL, NULL, NULL, NULL, NULL, NULL, NULL, NULL, 'Pass', '19.11.2021', '19.12.2021', '', '30', NULL),
(44, 1, 1, 1, 'PHYU PHYU THAE', 'F', '7/THA NA PA(N)171134', 'U WIN NYUNT', '', '10 TH', '16.3.2002', 'THANNATBIN', 'BAGO', '', '18.9.2027', '', '19.9.2022', '', '09251093300', 'MG517447', '', NULL, NULL, '2022-11-09 02:18:14', NULL, 'pre_interview', '2022-11-09 08:18:14', '2022-11-09 08:18:14', '44', '', NULL, NULL, NULL, NULL, NULL, NULL, NULL, 'Pass', '12.10.2021', '11.11.2021', '', '20', NULL),
(45, 1, 1, 1, 'SAN SAN WIN', 'F', '7/THA NA PA(N)131887', 'U WIN NYUNT', '', '4 TH', '3.6.1992', 'THANNATBIN', 'BAGO', '', '5.9.2027', '', '6.9.2022', 'B-POSITIVE', '09759146465', 'MG430549', '', NULL, NULL, '2022-11-09 02:18:14', NULL, 'pre_interview', '2022-11-09 08:18:14', '2022-11-09 08:45:21', '45', 'FAIL', NULL, NULL, NULL, NULL, NULL, NULL, NULL, 'Pass', '12.10.2021', '11.11.2021', '', '30', NULL),
(46, 1, 1, 1, 'MYAT KAY THI AUNG', 'F', '7/KA WA NA(N)199373', 'U TIN SHWE', '', '3 TH', '8.11.2000', 'KAWA', 'BAGO', '', '7.9.2027', '', '8.9.2022', '', '09672699336', 'MG443843', '', NULL, NULL, '2022-11-09 02:18:14', NULL, 'pre_interview', '2022-11-09 08:18:14', '2022-11-09 08:18:14', '46', '', NULL, NULL, NULL, NULL, NULL, NULL, NULL, 'Pass', '26.5.2022', '23.6.2022', '', '22', NULL),
(47, 1, 1, 1, 'HNIN WAI LWIN', 'F', '7/PA KHA NA(N)306368', 'U KYAW WIN', '', '10 TH', '28.4.1990', 'BAGO', 'BAGO', '', '5.9.2027', '', '6.9.2022', '', '09793291468', 'MG430553', '', NULL, NULL, '2022-11-09 02:18:14', NULL, 'pre_interview', '2022-11-09 08:18:14', '2022-11-09 08:18:14', '47', '', NULL, NULL, NULL, NULL, NULL, NULL, NULL, 'Pass', '25.9.2021', '23.10.2021', '', '32', NULL),
(48, 1, 1, 1, 'HNIN WUTT YI', 'F', '7/PA KHA NA(N)383412', 'U WIN NAING', '', '8 TH', '28.12.1995', 'BAGO', 'BAGO', '', '18.9.2027', '', '19.9.2022', '', '09455639117', 'MG517444', '', NULL, NULL, '2022-11-09 02:18:14', NULL, 'pre_interview', '2022-11-09 08:18:14', '2022-11-09 08:18:14', '48', '', NULL, NULL, NULL, NULL, NULL, NULL, NULL, 'Pass', '24.9.2021', '22.10.2021', '', '27', NULL),
(49, 1, 1, 1, 'THAE SU NAING ', 'F', '7/NA TA LA(N0192266', 'U KYAW WIN NAING', '', '8TH', '23.6.2002', 'BAGO', 'BAGO', '', '28.7.2027', '', '29.7.2022', 'B-POSITIVE', '09760506230', 'MG207716', '', NULL, NULL, '2022-11-09 02:18:14', NULL, 'pre_interview', '2022-11-09 08:18:14', '2022-11-09 08:45:25', '49', 'FAIL', NULL, NULL, NULL, NULL, NULL, NULL, NULL, 'Pass', '30.5.2022', '2.7.2022', '', '20', NULL),
(50, 1, 1, 1, 'EI SHWE ZJN', 'F', '7/NA TA LA(N)177241', 'U THAN KYAWL', '', '7TH', '4.3.2001', 'BAGO', 'BAGO', '', '03.02.2027', '', '04.02.2022', '', '09781589252', 'MF650418', '', NULL, NULL, '2022-11-09 02:18:14', NULL, 'pre_interview', '2022-11-09 08:18:14', '2022-11-09 08:18:14', '50', '', NULL, NULL, NULL, NULL, NULL, NULL, NULL, 'Pass', '27.12.2021', '22.1.2022', '', '21', NULL),
(51, 1, 1, 1, 'LAE LAE KHAING', 'F', '7/TA NA PA(N)110067', 'U KYAW NYEIN', '', '7 TH', '14.12..1991', 'THANNATBIN', 'BAGO', '', '18.09.2027', '', '19.09.2022', '', '09261144297', 'MG517441', '', NULL, NULL, '2022-11-09 02:18:14', NULL, 'pre_interview', '2022-11-09 08:18:14', '2022-11-09 08:18:14', '51', '', NULL, NULL, NULL, NULL, NULL, NULL, NULL, 'Pass', '27.03.2022', '25.04.2022', '', '31', NULL),
(52, 1, 1, 1, 'WAI WAI', 'F', '8/THA YA NA(N)107888', 'U SAL THAN', '', '8 TH', '20.12.1997', 'THAYET', 'MAGWAY', '', '5.5.2027', '', '6.5.2022', '', '09428807857', 'MF881210', '', NULL, NULL, '2022-11-09 02:18:14', NULL, 'pre_interview', '2022-11-09 08:18:14', '2022-11-09 08:18:14', '52', '', NULL, NULL, NULL, NULL, NULL, NULL, NULL, 'Pass', '9.11.2021', '21.6.2022', '', '24', NULL),
(53, 1, 1, 1, 'THANDAR TUN', 'F', '7/THA WA TA(N)140763', 'U WIN TUN', '', '9 TH', '20.9.2001', 'THAYARWADI', 'BAGO', '', '26.5.2027', '', '27.5.2022', '', '09787107964', 'MF962833', '', NULL, NULL, '2022-11-09 02:18:14', NULL, 'pre_interview', '2022-11-09 08:18:14', '2022-11-09 08:18:14', '53', '', NULL, NULL, NULL, NULL, NULL, NULL, NULL, 'Pass', '30.11.2021', '30.12.2021', '', '21', NULL),
(54, 1, 1, 1, 'TUN PA PA HLAING', 'F', '7/THA WA TA(N)175989', 'U WIN TUN', '', '6 TH', '5.2.2003', 'THAYARWADI', 'BAGO', '', '17.8.2027', '', '18.8.2022', '', '09799756239', 'MG304463', '', NULL, NULL, '2022-11-09 02:18:14', NULL, 'pre_interview', '2022-11-09 08:18:14', '2022-11-09 08:18:14', '54', '', NULL, NULL, NULL, NULL, NULL, NULL, NULL, 'Pass', '21.2.2022', '22.3.2022', '', '19', NULL),
(55, 1, 1, 1, 'THAE EI MON', 'F', '7/THA WA TA(N)166644', 'U AUNG SOE', '', '8 TH', '31.7.2003', 'THAYARWADI', 'BAGO', '', '11.5.2027', '', '12.5.2022', '', '09787107964', 'MF915699', '', NULL, NULL, '2022-11-09 02:18:14', NULL, 'pre_interview', '2022-11-09 08:18:14', '2022-11-09 08:18:14', '55', '', NULL, NULL, NULL, NULL, NULL, NULL, NULL, 'Pass', '21.2.2022', '22.3.2022', '', '19', NULL),
(56, 1, 1, 1, 'SWE ZIN TUN', 'F', '9/TA KA NA(N)212758', 'U KYAW NYUNT', '', '6 TH', '17.8.1995', 'TATKON', 'NAYPYITAW', '', '13.6.2027', '', '14.6.2022', '', '09453915077', 'MG035461', '', NULL, NULL, '2022-11-09 02:18:14', NULL, 'pre_interview', '2022-11-09 08:18:14', '2022-11-09 08:18:14', '56', '', NULL, NULL, NULL, NULL, NULL, NULL, NULL, 'Pass', '14.10.2021', '11.11.2021', '', '26', NULL),
(57, 1, 1, 1, 'ZIN MAR WIN', 'F', '9/TA KA NA(N)243314', 'U MIN LWIN', '', '5 TH', '10.10.2003', 'TATKON', 'NAYPYITAW', '', '23.10.2027', '', '24.10.2022', '', '09690883368', 'MG681237', '', NULL, NULL, '2022-11-09 02:18:14', NULL, 'pre_interview', '2022-11-09 08:18:14', '2022-11-09 08:18:14', '57', '', NULL, NULL, NULL, NULL, NULL, NULL, NULL, 'Pass', '2.10.2022', '2.11.2022', '', '19', NULL),
(58, 1, 1, 1, 'ZIN MAR KHAING', 'F', '9/TA TA OH(N)152699', 'U KYAW HLAING', '', '3 rd(Zoo)', '3.11.1999', 'TADAROO', 'MANDALAY', '', '', '4.11.2022', '', '', '09698775876', '', '', NULL, NULL, '2022-11-09 02:18:14', NULL, 'pre_interview', '2022-11-09 08:18:14', '2022-11-09 08:18:14', '58', '', NULL, NULL, NULL, NULL, NULL, NULL, NULL, 'Pass', '29.9.2021', '31.10.2022', '', '23', NULL),
(59, 1, 1, 1, 'THI THI KAHING', 'F', '9/PA BA THA(N)013675', 'U TIN MYAING', '', '5 TH', '23.3.2002', 'TATKON', 'NAYPYITAW', '', '28.12.2027', '', '29.8.2022', '', '09761211807', 'MG368494', '', NULL, NULL, '2022-11-09 02:18:14', NULL, 'pre_interview', '2022-11-09 08:18:14', '2022-11-09 08:18:14', '59', '', NULL, NULL, NULL, NULL, NULL, NULL, NULL, 'Pass', '17.11.2021', '18.12.2021', '', '22', NULL),
(60, 1, 1, 1, 'Aye Mon', 'F', '9/TA KA NA(N)232546', 'U TIN SEIN', '', '10 TH', '10.8.2003', 'TATKON', 'NAYPYITAW', '', '7.3.2027', '', '8.3.2022', '', '09769646025', 'MF713287', '', NULL, NULL, '2022-11-09 02:18:14', NULL, 'pre_interview', '2022-11-09 08:18:14', '2022-11-09 08:18:14', '60', '', NULL, NULL, NULL, NULL, NULL, NULL, NULL, 'Pass', '14.10.2021', '12.11.2021', '', '19', NULL),
(61, 1, 1, 1, 'TIN NILAR WIN', 'F', '9/TA KA NA(N)231544', 'U SOE NAING', '', '10 TH', '11.7.2002', 'TATKON', 'NAYPYITAW', '', '25.9.2027', '', '26.9.2022', '', '09769646025', 'MG545915', '', NULL, NULL, '2022-11-09 02:18:14', NULL, 'pre_interview', '2022-11-09 08:18:14', '2022-11-09 08:18:14', '61', '', NULL, NULL, NULL, NULL, NULL, NULL, NULL, 'Pass', '11.11.2021', '9.12.2021', '', '20', NULL),
(62, 1, 1, 1, 'THET WAI OO', 'F', '8/MA BA NA(N)172591', 'U TINT WAI', '', '2nd(Phys)', '19.5.2002', 'MINBU', 'MAGWAY', '', '17.5.2027', '', '18.5.2022', '', '09889352709', 'MF932686', '', NULL, NULL, '2022-11-09 02:18:14', NULL, 'pre_interview', '2022-11-09 08:18:14', '2022-11-09 08:18:14', '62', '', NULL, NULL, NULL, NULL, NULL, NULL, NULL, 'Pass', '23.11.2021', '23.12.2021', '', '20', NULL),
(63, 1, 1, 1, 'WA THONE OO', 'F', '8/MA BA NA(N)172627', 'U AYE LWIN', '', '10 TH', '19.6.2002', 'MINBU', 'MAGWAY', '', '17.5.2027', '', '18.5.2022', '', '09422362013', 'MF933193', '', NULL, NULL, '2022-11-09 02:18:14', NULL, 'pre_interview', '2022-11-09 08:18:14', '2022-11-09 08:18:14', '63', '', NULL, NULL, NULL, NULL, NULL, NULL, NULL, 'Pass', '10.10.2021', '28.12.2021', '', '20', NULL),
(64, 1, 1, 1, 'HTET HTET OO', 'F', '8/MA BA NA(N)156810', 'U AYE LWIN', '', '5 TH', '19.11.1994', 'MINBU', 'MAGWAY', '', '15.7.2027', '', '16.7.2022', '', '09422362013', 'MG158201', '', NULL, NULL, '2022-11-09 02:18:14', NULL, 'pre_interview', '2022-11-09 08:18:14', '2022-11-09 08:18:14', '64', '', NULL, NULL, NULL, NULL, NULL, NULL, NULL, 'Pass', '16.1.2022', '15.2.2022', '', '28', NULL),
(65, 1, 1, 1, 'NAN NAN SOE', 'F', '7/DA OH NA(N)223570', 'U TIN HTAY', '', '5 TH', '21.1.1998', 'DAIK-U', 'BAGO', '', '22.8.2027', '', '23.8.2022', '', '09755346120', 'MG345033', '', NULL, NULL, '2022-11-09 02:18:14', NULL, 'pre_interview', '2022-11-09 08:18:14', '2022-11-09 08:18:14', '65', '', NULL, NULL, NULL, NULL, NULL, NULL, NULL, 'Pass', '8.10.2021', '5.11.2021', '', '24', NULL),
(66, 1, 1, 1, 'DAW WAR', 'F', '7/DA OH NA(N)213989', 'U KYAW WIN', '', '1 TH', '3.6.1987', 'DAIK-U', 'BAGO', '', '22.8.2027', '', '23.8.2022', '', '09761943052', 'MG345031', '', NULL, NULL, '2022-11-09 02:18:14', NULL, 'pre_interview', '2022-11-09 08:18:14', '2022-11-09 08:18:14', '66', '', NULL, NULL, NULL, NULL, NULL, NULL, NULL, 'Pass', '14.12.2021', '11.1.2022', '', '35', NULL),
(67, 1, 1, 1, 'KHAING MAR LIN', 'F', '7/DA OH NA (N)239852', 'U ZAW LIN OO', '', '4TH', '28.12.2003', 'DAIK-U', 'BAGO', '', '10.2.2027', '', '11.2.2022', '', '09780210893', 'MF660983', '', NULL, NULL, '2022-11-09 02:18:14', NULL, 'pre_interview', '2022-11-09 08:18:14', '2022-11-09 08:18:14', '67', '', NULL, NULL, NULL, NULL, NULL, NULL, NULL, 'Pass', '27.9.2021', '25.10.2021', '', '`19', NULL),
(68, 1, 1, 1, 'SU HLAING HNIN', 'F', '7/DA OH NA(N)230527', 'U WIN HTAY', '', '4 TH', '28.6.1994', 'DAIK-U', 'BAGO', '', '29.12.2026', '', '30.12.2021', '', '09943413096', 'MF580044', '', NULL, NULL, '2022-11-09 02:18:14', NULL, 'pre_interview', '2022-11-09 08:18:14', '2022-11-09 08:18:14', '68', '', NULL, NULL, NULL, NULL, NULL, NULL, NULL, 'Pass', '23.10.2021', '20.11.2021', '', '27', NULL),
(69, 1, 1, 1, 'PHYO WAI HLAING ', 'F', '7/DA OH NA(N)239851', 'U CHIT MHWE', '', '4TH', '26.12.2003', 'DAIK-U', 'BAGO', '', '10.2.2027', '', '11.2.2022', '', '09779011313', 'MF660542', '', NULL, NULL, '2022-11-09 02:18:14', NULL, 'pre_interview', '2022-11-09 08:18:14', '2022-11-09 08:18:14', '69', '', NULL, NULL, NULL, NULL, NULL, NULL, NULL, 'Pass', '29.9.2021', '25.10.2021', '', '19', NULL),
(70, 1, 1, 1, 'PHYU MAR HTAY', 'F', '9/TA KA NA(N)256614', 'U MIN ZAW', '', '9 TH', '13.5.2004', 'TATKON', 'NAYPYITAW', '', '27.6.2022', '', '27.6.2022', '', '09421355504', 'MG075039', '', NULL, NULL, '2022-11-09 02:18:14', NULL, 'pre_interview', '2022-11-09 08:18:14', '2022-11-09 08:18:14', '70', '', NULL, NULL, NULL, NULL, NULL, NULL, NULL, 'Pass', '22.6.2022', '20.7.2022', '', '18', NULL),
(71, 1, 1, 1, 'EI KHAING SOE', 'F', '9/TA KA NA(N)252047', 'U ZAW WIN TUN', '', '10 TH', '7.5.2003', 'TATKON', 'NAYPYITAW', '', '22.6.2027', '', '23.6.2022', '', '09955030975', 'MG066100', '', NULL, NULL, '2022-11-09 02:18:14', NULL, 'pre_interview', '2022-11-09 08:18:14', '2022-11-09 08:18:14', '0', '', NULL, NULL, NULL, NULL, NULL, NULL, NULL, 'Pass', '13.11.2021', '11.12.2021', '', '19', NULL),
(72, 1, 1, 1, 'AYE CHAN SOE', 'F', '9/TA KA NA(N)231560', 'U ZAW WIN TUN', '', '1 st(Mya)', '7.2.2000', 'TATKON', 'NAYPYITAW', '', '20.6.2027', '', '21.6.2022', '', '09962395355', 'MG060374', '', NULL, NULL, '2022-11-09 02:18:14', NULL, 'pre_interview', '2022-11-09 08:18:14', '2022-11-09 08:18:14', '72', '', NULL, NULL, NULL, NULL, NULL, NULL, NULL, 'Pass', '13.11.2021', '11.12.2021', '', '22', NULL),
(73, 1, 1, 1, 'KHAING ZAR HTET', 'F', '9/TA KA NA(N)228919', 'U WIN KO', '', '8 TH', '20.1.1996', 'TATKON', 'NAYPYITAW', '', '6.6.2027', '', '7.6.2022', '', '09790720843', 'MF991269', '', NULL, NULL, '2022-11-09 02:18:14', NULL, 'pre_interview', '2022-11-09 08:18:14', '2022-11-09 08:18:14', '73', '', NULL, NULL, NULL, NULL, NULL, NULL, NULL, 'Pass', '13.11.2021', '11.12.2021', '', '26', NULL),
(74, 1, 1, 1, 'KHAING ZAR THET', 'F', '9/TA KA NA(N)231658', 'U WIN KO', '', '10 TH', '3.11.2003', 'TATKON', 'NAYPYITAW', '', '6.6.2027', '', '7.6.2022', '', '09678901326', 'MF991262', '', NULL, NULL, '2022-11-09 02:18:14', NULL, 'pre_interview', '2022-11-09 08:18:14', '2022-11-09 08:18:14', '74', '', NULL, NULL, NULL, NULL, NULL, NULL, NULL, 'Pass', '13.11.2021', '11.12.2021', '', '20', NULL),
(75, 1, 1, 1, 'THET HTAR SWE', 'F', '9/TA KA NA(N)231511', 'U AUNG WIN HLAING', '', '10 TH', '1.6.2004', 'TATKON', 'NAYPYITAW', '', '22.62027', '', '23.6.2022', '', '09978941511', 'MG066097', '', NULL, NULL, '2022-11-09 02:18:14', NULL, 'pre_interview', '2022-11-09 08:18:14', '2022-11-09 08:18:14', '75', '', NULL, NULL, NULL, NULL, NULL, NULL, NULL, 'Pass', '14.3.2022', '24.4.2022', '', '18', NULL),
(76, 1, 1, 1, 'AYE MYA MON', 'F', '9/TA KA NA(N)217181', 'U KYAW SWAR WIN', '', '10 TH', '24.11.2002', 'TATKON', 'NAYPYITAW', '', '25.7.2027', '', '26.7.2022', '', '09989038559', 'MG183727', '', NULL, NULL, '2022-11-09 02:18:14', NULL, 'pre_interview', '2022-11-09 08:18:14', '2022-11-09 08:18:14', '76', '', NULL, NULL, NULL, NULL, NULL, NULL, NULL, 'Pass', '21.11.2021', '20.12.2021', '', '20', NULL),
(77, 1, 1, 1, 'PAN WUT HMONE', 'F', '9/TA KA NA(N)254884', 'U KYI NAING', '', '4 TH', '13.12.2021', 'TATKON', 'NAYPYITAW', '', '10.10.2027', '', '11.10.2022', '', '09766063220', 'MG614136', '', NULL, NULL, '2022-11-09 02:18:14', NULL, 'pre_interview', '2022-11-09 08:18:14', '2022-11-09 08:18:14', '77', '', NULL, NULL, NULL, NULL, NULL, NULL, NULL, 'Pass', '8.8.2021', '5.9.2021', '', '21', NULL),
(78, 1, 1, 1, 'NU NU SWE', 'F', '9/TA KA NA(N)250175', 'U MYA HAN', '', '10 TH', '27.6.2002', 'TATKON', 'NAYPYITAW', '', '27.7.2027', '', '28.7.2022', '', '09763172985', 'MG193327', '', NULL, NULL, '2022-11-09 02:18:14', NULL, 'pre_interview', '2022-11-09 08:18:14', '2022-11-09 08:18:14', '78', '', NULL, NULL, NULL, NULL, NULL, NULL, NULL, 'Pass', '27.9.2021', '20.11.2021', '', '20', NULL),
(79, 1, 1, 1, 'EI EI PHYO', 'F', '9/TA KA NA(N)231520', 'U TUN PHAY', '', '10 TH', '17.11.2001', 'TATKON', 'NAYPYITAW', '', '23.3.2027', '', '24.3.2022', '', '09972051065', 'MF748136', '', NULL, NULL, '2022-11-09 02:18:14', NULL, 'pre_interview', '2022-11-09 08:18:14', '2022-11-09 08:18:14', '79', '', NULL, NULL, NULL, NULL, NULL, NULL, NULL, 'Pass', '14.10.2021', '11.11.2021', '', '21', NULL),
(80, 1, 1, 1, 'THIN HTET HTET SOE', 'F', '9/TA KA NA(N)231516', 'U KYAW THIN', '', '10 TH', '14.9.2001', 'TATKON', 'NAYPYITAW', '', '20.6.2027', '', '21.6.2022', '', '09976252131', 'MG060373', '', NULL, NULL, '2022-11-09 02:18:14', NULL, 'pre_interview', '2022-11-09 08:18:14', '2022-11-09 08:18:14', '80', '', NULL, NULL, NULL, NULL, NULL, NULL, NULL, 'Pass', '19.11.2021', '17.12.2021', '', '21', NULL),
(81, 1, 1, 1, 'TIN HTAY KYI', 'F', '9/TA KA NA(N)221717', 'U MAUNG PU', '', '3TH', '13.5.1988', 'TATKON', 'NAYPYITAW', '', '13.6.2027', '', '14.6.2022', '', '09963607648', 'MG035536', '', NULL, NULL, '2022-11-09 02:18:14', NULL, 'pre_interview', '2022-11-09 08:18:14', '2022-11-09 08:18:14', '81', '', NULL, NULL, NULL, NULL, NULL, NULL, NULL, 'Pass', '19.11.2021', '17.12.2021', '', '34', NULL),
(82, 1, 1, 1, 'WAI MAR NAING', 'F', '9/TA KA NA(N)243213', 'U HTAY WIN', '', '4 TH', '17.10.1993', 'TATKON', 'NAYPYITAW', '', '29.5.2027', '', '30.5.2022', '', '09967735812', 'MF968922', '', NULL, NULL, '2022-11-09 02:18:14', NULL, 'pre_interview', '2022-11-09 08:18:14', '2022-11-09 08:18:14', '82', '', NULL, NULL, NULL, NULL, NULL, NULL, NULL, 'Pass', '18.1.2022', '24.2.2022', '', '29', NULL),
(83, 1, 1, 1, 'NAY CHI WIN', 'F', '7/TA NGA NA(N)163310', 'U MAUNG WIN', '', '10 TH', '16.9.1992', 'TAUNGOO', 'BAGO', '', '28.8.2027', '', '29.8.2022', '', '09681839407', 'MG370181', '', NULL, NULL, '2022-11-09 02:18:14', NULL, 'pre_interview', '2022-11-09 08:18:14', '2022-11-09 08:18:14', '83', '', NULL, NULL, NULL, NULL, NULL, NULL, NULL, 'Pass', '6.12.2021', '3.1.2022', '', '30', NULL),
(84, 1, 1, 1, 'MYO THANDAR AUNG', 'F', '7/TA NGA NA(N)203376', 'U OHN MYINT', '', '10 TH', '8.2.2001', 'TAUNGOO', 'BAGO', '', '5.9.2027', '', '6.9.2022', '', '09779474383', 'MG432966', '', NULL, NULL, '2022-11-09 02:18:14', NULL, 'pre_interview', '2022-11-09 08:18:14', '2022-11-09 08:18:14', '84', '', NULL, NULL, NULL, NULL, NULL, NULL, NULL, 'Pass', '25.7.2022', '25.8.2022', '', '21', NULL),
(85, 1, 1, 1, 'ZIN MAR TUN', 'F', '7/TA NGA NA(N)252184', 'U KYAW NAING ', '', '8 TH', '8.2.2000', 'TAUNGOO', 'BAGO', '', '9.3.2027', '', '10.3.2022', '', '09666646079', 'MF716085', '', NULL, NULL, '2022-11-09 02:18:14', NULL, 'pre_interview', '2022-11-09 08:18:14', '2022-11-09 08:18:14', '85', '', NULL, NULL, NULL, NULL, NULL, NULL, NULL, 'Pass', '11.11.2021', '9.12.2021', '', '22', NULL),
(86, 1, 1, 1, 'KHIN NYO WIN', 'F', '7/TA NGA NA(N)163302', 'U KYI WIN', '', '10 TH', '19.5.1994', 'TAUNGOO', 'BAGO', '', '28.08.2027', '', '29.08.2022', '', '09674162632', 'MG370145', '', NULL, NULL, '2022-11-09 02:18:14', NULL, 'pre_interview', '2022-11-09 08:18:14', '2022-11-09 08:18:14', '86', '', NULL, NULL, NULL, NULL, NULL, NULL, NULL, 'Pass', '6.12.2021', '3.1.2022', '', '28', NULL),
(87, 1, 1, 1, 'NGU WAR WIN', 'F', '7/TA NGA NA(N)203390', 'U AYE SAUNG', '', '10 TH', '10.10.1998', 'TAUNGOO', 'BAGO', '', '28.8.2027', '', '29.8.2022', '', '09798729673', 'MG370143', '', NULL, NULL, '2022-11-09 02:18:14', NULL, 'pre_interview', '2022-11-09 08:18:14', '2022-11-09 08:18:14', '87', '', NULL, NULL, NULL, NULL, NULL, NULL, NULL, 'Pass', '6.12.2021', '3.1.2022', '', '24', NULL),
(88, 1, 1, 1, 'CHERRY TUN', 'F', '7/TA NGA NA(N)152222', 'U KHIN MAUNG', '', '8 TH', '29.6.1987', 'TAUNGOO', 'BAGO', '', '28.8.2027', '', '29.8.2022', '', '09771821120', 'MG370187', '', NULL, NULL, '2022-11-09 02:18:14', NULL, 'pre_interview', '2022-11-09 08:18:14', '2022-11-09 08:18:14', '88', '', NULL, NULL, NULL, NULL, NULL, NULL, NULL, 'Pass', '17.9.2021', '15.10.2021', '', '35', NULL),
(89, 1, 1, 1, 'EI EI KHAING', 'F', '7/TA NGA NA(N)162796', 'U TUN YEE', '', '7 TH', '5.11.1987', 'TAUNGOO', 'BAGO', '', '28.8.2027', '', '29.8.2022', '', '09789878075', 'MG370142', '', NULL, NULL, '2022-11-09 02:18:14', NULL, 'pre_interview', '2022-11-09 08:18:14', '2022-11-09 08:18:14', '89', '', NULL, NULL, NULL, NULL, NULL, NULL, NULL, 'Pass', '27.1.2022', '29.2.2022', '', '35', NULL),
(90, 1, 1, 1, 'SANDAR HTAY', 'F', '9/TA KA NA(N)106304', 'U KHIN THAN', '', '4 TH', '18.4.1989', 'TATKON', 'NAYPYITAW', '', '19.5.2027', '', '20.5.2022', '', '09450511202', 'MF938111', '', NULL, NULL, '2022-11-09 02:18:14', NULL, 'pre_interview', '2022-11-09 08:18:14', '2022-11-09 08:18:14', '90', '', NULL, NULL, NULL, NULL, NULL, NULL, NULL, 'Pass', '8.11.2021', '23.12.2021', '', '33', NULL),
(91, 1, 1, 1, 'THEINT THEINT WIN', 'F', '5/SA LA KA(N)146428', 'U AUNG THEIN WIN', '', '4 TH', '29.11.1999', 'HSALINGYI', 'SAGING', '', '18.2.2027', '', '19.2.2022', '', '09977032830', 'MF679555', '', NULL, NULL, '2022-11-09 02:18:14', NULL, 'pre_interview', '2022-11-09 08:18:14', '2022-11-09 08:18:14', '91', '', NULL, NULL, NULL, NULL, NULL, NULL, NULL, 'Pass', '14.2.2022', '14.3.2022', '', '23', NULL),
(92, 1, 1, 1, 'HTAY HTAY AUNG', 'F', '10/KHA SA NA(N)153726', 'U SAN OO', '', '10 TH', '8.9.2002', 'CHAUNGZON', 'MON', '', '23.12.2026', '', '24.12.2021', '', '09972039122', 'MF570209', '', NULL, NULL, '2022-11-09 02:18:14', NULL, 'pre_interview', '2022-11-09 08:18:14', '2022-11-09 08:18:14', '92', '', NULL, NULL, NULL, NULL, NULL, NULL, NULL, 'Pass', '28.9.2021', '27.10.2021', '', '20', NULL),
(93, 1, 1, 1, 'HTET HTET MOE', 'F', '7/NYA LA PA(N)215501', 'U TIN WIN', '', '6 TH', '28.2.1998', 'NYAUNGLEBIN', 'BAGO', '', '16.12.2026', '', '17.12.2021', '', '09795592901', 'MF501446', '', NULL, NULL, '2022-11-09 02:18:14', NULL, 'pre_interview', '2022-11-09 08:18:14', '2022-11-09 08:18:14', '93', '', NULL, NULL, NULL, NULL, NULL, NULL, NULL, 'Pass', '13.11.2021', '12.12.2021', '', '24', NULL),
(94, 1, 1, 1, 'KYI HTAY', 'F', '7/NYA LA PA(N)195633', 'U HTAY LWIN', '', '5 TH', '23.7.1990', 'NYAUNGLEBIN', 'BAGO', '', '16.12.2026', '', '17.12.2021', '', '09773281542', 'MF501432', '', NULL, NULL, '2022-11-09 02:18:14', NULL, 'pre_interview', '2022-11-09 08:18:14', '2022-11-09 08:18:14', '94', '', NULL, NULL, NULL, NULL, NULL, NULL, NULL, 'Pass', '20.11.2021', '19.12.2021', '', '32', NULL),
(95, 1, 1, 1, 'MOE MOE SWE', 'F', '7/AH TA NA(N)069245', 'U CHIT HLA', '', '6 TH', '30.4.1984', 'OKTWIN', 'BAGO', '', '30.5.2027', '', '31.5.2022', '', '09423334750', 'MF971350', '', NULL, NULL, '2022-11-09 02:18:14', NULL, 'pre_interview', '2022-11-09 08:18:14', '2022-11-09 08:18:14', '95', '', NULL, NULL, NULL, NULL, NULL, NULL, NULL, 'Pass', '27.11.2021', '29.12.2021', '', '36', NULL),
(96, 1, 1, 1, 'WAI MAR PHYO', 'F', '7/AH TA NA (N)154618', ' U MAUNG LWIN', '', '10 TH', '4.4.2002', 'OKTWIN', 'BAGO', '', '21.11.2026', '', '22.11.2021', '', '09660646059', 'MF444323', '', NULL, NULL, '2022-11-09 02:18:14', NULL, 'pre_interview', '2022-11-09 08:18:14', '2022-11-09 08:18:14', '96', '', NULL, NULL, NULL, NULL, NULL, NULL, NULL, 'Pass', '09.10.2021', '8.11.2021', '', '20', NULL),
(97, 1, 1, 1, 'MOE WAI SAN', 'F', '7/AH TA  NA(N)171571', 'U SOE NYUNT', '', '6 TH', '5.4.2003', 'OKTWIN', 'BAGO', '', '13.12.2026', '', '14.12.2021', '', '09667903149', 'MF492303', '', NULL, NULL, '2022-11-09 02:18:14', NULL, 'pre_interview', '2022-11-09 08:18:14', '2022-11-09 08:18:14', '97', '', NULL, NULL, NULL, NULL, NULL, NULL, NULL, 'Pass', '27.9.2021', '27.10.2021', '', '19', NULL),
(98, 1, 1, 1, 'YEE YEE HTAY', 'F', '8/NA MA NA(N)194163', 'U WIN HTAY', '', '4 TH', '20.6.1993', 'NATMAUK', 'MAGWAY', '', '8.9.2027', '', '9.9.2022', '', '09425554963', 'MG447530', '', NULL, NULL, '2022-11-09 02:18:14', NULL, 'pre_interview', '2022-11-09 08:18:14', '2022-11-09 08:18:14', '98', '', NULL, NULL, NULL, NULL, NULL, NULL, NULL, 'Pass', '11.01.2022', '8.2.2022', '', '29', NULL),
(99, 1, 1, 1, 'HNIN HNIN HLAING', 'F', '8/NA MA NA(N)135997', 'U THAN PAING', '', '4 TH', '27.3.1985', 'NATMAUK', 'MAGWAY', '', '8.9.2027', '', '10.9.2022', '', '09440062300', 'MG448480', '', NULL, NULL, '2022-11-09 02:18:14', NULL, 'pre_interview', '2022-11-09 08:18:14', '2022-11-09 08:18:14', '99', '', NULL, NULL, NULL, NULL, NULL, NULL, NULL, 'Pass', '11.1.2022', '8.2.2022', '', '35', NULL),
(100, 1, 1, 1, 'SWE SWE AUNG', 'F', '9/WA TA NA(N)196206', 'U THAN HTAY', '', '5 TH', '15.6.1988', 'WUNDWIN', 'MANDALAY', '', '17.7.2027', '', '18.7.2022', 'B-POSITIVE', '09952265977', 'MG159784', '', NULL, NULL, '2022-11-09 02:18:14', NULL, 'pre_interview', '2022-11-09 08:18:14', '2022-11-09 08:45:32', '100', 'FAIL', NULL, NULL, NULL, NULL, NULL, NULL, NULL, 'Pass', '29.10.2021', '8.12.2021', '', '34', NULL),
(101, 1, 1, 1, 'PHYO OO SAN', 'F', '9/WA TA NA(N)157903', 'U THAN HTAY', '', '6 TH', '1.6.1995', 'WUNDWIN', 'MANDALAY', '', '17.7.2027', '', '18.7.2022', '', '09954473428', 'MG159799', '', NULL, NULL, '2022-11-09 02:18:14', NULL, 'pre_interview', '2022-11-09 08:18:14', '2022-11-09 08:18:14', '101', '', NULL, NULL, NULL, NULL, NULL, NULL, NULL, 'Pass', '24.9.2021', '22.10.2021', '', '27', NULL),
(102, 1, 1, 1, 'AYE CHAN MOE', 'F', '10/KA HTA NA(N)164295', 'U AYE MIN', '', '4 TH', '15.10.1995', 'KYAIKHTO', 'MON', '', '31.7.2027', '', '1.8.2022', '', '09458860131', 'MG219369', '', NULL, NULL, '2022-11-09 02:18:14', NULL, 'pre_interview', '2022-11-09 08:18:14', '2022-11-09 08:18:14', '102', '', NULL, NULL, NULL, NULL, NULL, NULL, NULL, 'Pass', '16.10.2021', '21.11.2027', '', '27', NULL),
(103, 1, 1, 1, 'NANT YU NAING NAING KYAW', 'F', '14/NGA PA TA(N)178771', 'U MAN KYAW OHM', '', '10 TH', '15.6.1988', 'NGAPUTAW', 'AYARWADDY', '', '14.8.2027', '', '15.8.2022', '', '09763856500', 'MG289770', '', NULL, NULL, '2022-11-09 02:18:14', NULL, 'pre_interview', '2022-11-09 08:18:14', '2022-11-09 08:18:14', '103', '', NULL, NULL, NULL, NULL, NULL, NULL, NULL, 'Pass', '16.10.2021', '16.11.2021', '', '34', NULL),
(104, 1, 1, 1, 'NANT EI PO PO KYAW', 'F', '14/NGA PA TA(N)236853', 'U MAN KYAW OHM', '', '2nd(GEO)', '23.2.1997', 'NGAPUTAW', 'AYARWADDY', '', '26.9.2022', '', '27.9.2022', '', '09962947224', 'MG549370', '', NULL, NULL, '2022-11-09 02:18:14', NULL, 'pre_interview', '2022-11-09 08:18:14', '2022-11-09 08:18:14', '104', '', NULL, NULL, NULL, NULL, NULL, NULL, NULL, 'Pass', '7.9.2022', '7.10.2022', '', '25', NULL),
(105, 1, 1, 1, 'WAR WAR AUNG', 'F', '9/PA BA NA(N)177116', 'U THEIN PAING', '', '5 TH', '12.12.1990', 'PYAWBWE', 'MANDALAY', '', '19.6.2027', '', '20.6.2022', '', '09793088009', 'MG054071', '', NULL, NULL, '2022-11-09 02:18:14', NULL, 'pre_interview', '2022-11-09 08:18:14', '2022-11-09 08:18:14', '105', '', NULL, NULL, NULL, NULL, NULL, NULL, NULL, 'Pass', '27.10.2021', '24.11.2021', '', '32', NULL),
(106, 1, 1, 1, 'CHERRY WIN', 'F', '9/PA BA NA(N)293559', 'U THEIN PAING', '', '8 TH', '15.5.2002', 'PYAWBWE', 'MANDALAY', '', '19.6.2027', '', '20.6.2022', '', '09783864723', 'MG054068', '', NULL, NULL, '2022-11-09 02:18:14', NULL, 'pre_interview', '2022-11-09 08:18:14', '2022-11-09 08:18:14', '106', '', NULL, NULL, NULL, NULL, NULL, NULL, NULL, 'Pass', '6.12.2021', '6.1.2022', '', '20', NULL),
(107, 1, 1, 1, 'CHERRY THIN', 'F', '9/PA BA NA(N)293575', 'U THEIN PAING', '', '8 TH', '15.5.2002', 'PYAWBWE', 'MANDALAY', '', '19.6.2027', '', '20.6.2022', '', '09791850925', 'MG054069', '', NULL, NULL, '2022-11-09 02:18:14', NULL, 'pre_interview', '2022-11-09 08:18:14', '2022-11-09 08:18:14', '107', '', NULL, NULL, NULL, NULL, NULL, NULL, NULL, 'Pass', '6.12.2021', '6.1.2022', '', '20', NULL),
(108, 1, 1, 1, 'TOKE TOKE WIN', 'F', '7/PA KHA NA(N)400784', ' U KYAW AUNG', '', '10 TH', '21.8.1998', 'BAGO', 'BAGO', '', '20.6.2027', '', '21.6.2022', '', '09427400688', 'MG056713', '', NULL, NULL, '2022-11-09 02:18:14', NULL, 'pre_interview', '2022-11-09 08:18:14', '2022-11-09 08:18:14', '108', '', NULL, NULL, NULL, NULL, NULL, NULL, NULL, '`', '26.10.2021', '24.11.2021', '', '24', NULL),
(109, 1, 1, 1, 'MYAT THARAPU ZAW', 'F', '7/PA KHA NA(N)398086', 'U THEIN ZAW OO', '', '6 TH', '6.10.1998', 'BAGO', 'BAGO', '', '16.3.2027', '', '17.3.2022', '', '09944014647', 'MG731162', '', NULL, NULL, '2022-11-09 02:18:14', NULL, 'pre_interview', '2022-11-09 08:18:14', '2022-11-09 08:18:14', '109', '', NULL, NULL, NULL, NULL, NULL, NULL, NULL, 'Pass', '9.10.2021', '7.11.2021', '', '24', NULL),
(110, 1, 1, 1, 'ZIN ZIN MAW', 'F', '7/PA KHA NA(N)483170', 'U MYINT KHAING', '', '10 TH', '19.11.2002', 'BAGO', 'BAGO', '', '11.9.2027', '', '12.9.2022', '', '09457572761', 'MG459355', '', NULL, NULL, '2022-11-09 02:18:14', NULL, 'pre_interview', '2022-11-09 08:18:14', '2022-11-09 08:18:14', '110', '', NULL, NULL, NULL, NULL, NULL, NULL, NULL, 'Pass', '23.11.2021', '21.12.2021', '', '20', NULL),
(111, 1, 1, 1, 'NGU WAR HLAING', 'F', '7/PA KHA NA(N)448968', 'U TIN NAING OO', '', '10 TH', '10.12.2001', 'BAGO', 'BAGO', '', '11.9.2027', '', '12.9.2022', '', '09267563201', 'MG459290', '', NULL, NULL, '2022-11-09 02:18:14', NULL, 'pre_interview', '2022-11-09 08:18:14', '2022-11-09 08:18:14', '111', '', NULL, NULL, NULL, NULL, NULL, NULL, NULL, 'Pass', '14.8.2021', '14.9.2021', '', '21', NULL),
(112, 1, 1, 1, 'THIN THIN HLAING', 'F', '7/KA WA NA(N)221502', 'U TIN SAN', '', '4 TH', '30.10.1988', 'KAWA', 'BAGO', '', '11.9.2027', '', '12.9.2022', '', '09793815002', 'MG459306', '', NULL, NULL, '2022-11-09 02:18:14', NULL, 'pre_interview', '2022-11-09 08:18:14', '2022-11-09 08:18:14', '112', '', NULL, NULL, NULL, NULL, NULL, NULL, NULL, 'Pass', '21.11.2021', '19.12.2021', '', '34', NULL),
(113, 1, 1, 1, 'AYE MOE SAN', 'F', '7/KA WA NA(N)218957', 'U ZAW WON', '', '10 TH', '13.5.2001', 'KAWA', 'BAGO', '', '11.9.2027', '', '12.9.2022', '', '09782349715', 'MG459305', '', NULL, NULL, '2022-11-09 02:18:14', NULL, 'pre_interview', '2022-11-09 08:18:14', '2022-11-09 08:18:14', '113', '', NULL, NULL, NULL, NULL, NULL, NULL, NULL, 'Pass', '11.10.2021', '8.11.2021', '', '20', NULL),
(114, 1, 1, 1, 'AYE THU ZAR(2)', 'F', '7/KA WA NA(N)188036', 'U HLA WIN', '', '4 TH', '15.12.1992', 'KAWA', 'BAGO', '', '11.9.2027', '', '12.9.2022', '', '09955041339', 'MG459304', '', NULL, NULL, '2022-11-09 02:18:14', NULL, 'pre_interview', '2022-11-09 08:18:14', '2022-11-09 08:18:14', '114', '', NULL, NULL, NULL, NULL, NULL, NULL, NULL, 'Pass', '6.10.2021', '3.11.2021', '', '30', NULL),
(115, 1, 1, 1, 'ZIN MAR HLAING', 'F', '7/PHA MA NA(N)229013', 'U TIN TUN', '', '6 TH', '15.6.1997', 'PHYU', 'BAGO', '', '12.9.2027', '', '13.9.2022', '', '09756812003', 'MG464471', '', NULL, NULL, '2022-11-09 02:18:14', NULL, 'pre_interview', '2022-11-09 08:18:14', '2022-11-09 08:18:14', '115', '', NULL, NULL, NULL, NULL, NULL, NULL, NULL, 'Pass', '29.9.2021', '27.10.2021', '', '22', NULL),
(116, 1, 1, 1, 'ZAR LI WIN', 'F', '7/PHA MA NA(N)212833', 'U AYE SHWE', '', '8 TH', '2.11.1995', 'PHYU', 'BAGO', '', '18.9.2027', '', '19.9.2022', '', '09765172459', 'MG516994', '', NULL, NULL, '2022-11-09 02:18:14', NULL, 'pre_interview', '2022-11-09 08:18:14', '2022-11-09 08:18:14', '116', '', NULL, NULL, NULL, NULL, NULL, NULL, NULL, 'Pass', '6.12.2021', '5.1.2022', '', '26', NULL),
(117, 1, 1, 1, 'KHAING MAR KYI', 'F', '7/PHA MA NA (N)169089', 'U WIN HTAY', '', '7 TH', '10.4.2004', 'PHYU', 'BAGO', '', '12.9.2027', '', '13.9.2022', '', '09795248507', 'MG464474', '', NULL, NULL, '2022-11-09 02:18:14', NULL, 'pre_interview', '2022-11-09 08:18:14', '2022-11-09 08:18:14', '117', '', NULL, NULL, NULL, NULL, NULL, NULL, NULL, 'Pass', '29.9.2021', '27.10.2021', '', '18', NULL),
(118, 1, 1, 1, 'THET PHYO WAI', 'F', '8/MA BA NA(N)196654', 'U LAY MAUNG', '', '8 TH', '12.6.2003', 'MINBU', 'MAGWAY', '', '16.1.2027', '', '17.1.2022', '', '09670794031', 'MF612984', '', NULL, NULL, '2022-11-09 02:18:14', NULL, 'pre_interview', '2022-11-09 08:18:14', '2022-11-09 08:18:14', '118', '', NULL, NULL, NULL, NULL, NULL, NULL, NULL, 'Pass', '22.11.2021', '21.12.2021', '', '19', NULL),
(119, 1, 1, 1, 'WINT WAH WAH AUNG', 'F', '8/NGA PHA NA(N)027237', 'U THEIN TUN AUNG', '', '10 TH', '5.5.1987', 'NGAPE', 'MAGWAY', '', '22.5.2027', '', '23.5.2022', '', '09789079634', 'MF948492', '', NULL, NULL, '2022-11-09 02:18:14', NULL, 'pre_interview', '2022-11-09 08:18:14', '2022-11-09 08:18:14', '119', '', NULL, NULL, NULL, NULL, NULL, NULL, NULL, 'Pass', '24.11.2021', '28.12.2021', '', '35', NULL),
(120, 1, 1, 1, 'SAN SAN MAW', 'F', '8/NGA PHA NA(N)035224', 'U AYE KYI', '', '4 TH', '2.4.1988', 'NGAPE', 'MAGWAY', '', '28.9.2027', '', '29.9.2022', '', '09668337554', 'MG561843', '', NULL, NULL, '2022-11-09 02:18:14', NULL, 'pre_interview', '2022-11-09 08:18:14', '2022-11-09 08:18:14', '120', '', NULL, NULL, NULL, NULL, NULL, NULL, NULL, 'Pass', '19.3.2022', '16.4.2022', '', '34', NULL),
(121, 2, 1, 1, 'YADANAR', 'F', '9/SA KA NA(N)119466', 'U MAUNG NAING', '', '2rd(Mya)', '4.3.2001', 'SINTGU', 'MANDALAY', '', '11.8.2027', '', '12.8.2022', '', '09954154731', 'MG282637', '', NULL, NULL, '2022-11-09 06:36:15', NULL, 'employer_interview', '2022-11-09 12:36:15', '2022-11-09 12:36:15', '1', '', NULL, NULL, NULL, NULL, NULL, NULL, NULL, 'Pass', '1.11.2021', '3.12.2021', '', '22', NULL),
(122, 2, 1, 1, 'THANDAR KHAING', 'F', '9/SA KA NA(N)127496', 'U MAUNG NAING', '', '10 TH', '10.3.2003', 'SINTGU', 'MANDALAY', '', '23.9.2027', '', '24.9.2022', '', '09426499145', 'MG542045', '', NULL, NULL, '2022-11-09 06:36:15', NULL, 'employer_interview', '2022-11-09 12:36:15', '2022-11-09 12:36:15', '2', '', NULL, NULL, NULL, NULL, NULL, NULL, NULL, 'Pass', '20.4.2022', '24.5.2022', '', '19', NULL),
(123, 2, 1, 1, 'KAY THI MYINT AUNG', 'F', '12/LA KA NA(N)180297', 'U MYINT AUNG', '', '4 TH', '15.6.1981', 'HLEGU', 'YANGON', '', '11.9.2027', '', '12.9.2022', '', '09761785878', 'MG457208', NULL, NULL, NULL, '2022-11-09 06:36:15', NULL, 'employer_interview', '2022-11-09 12:36:15', '2022-11-09 12:36:37', '3', '', NULL, NULL, NULL, NULL, NULL, NULL, NULL, 'Pass', '24.11.2021', '24.12.2021', '', '41', NULL),
(124, 2, 1, 1, 'HNIN MAR LAR', 'F', '8/SA PA WA(N)083501', 'U WIN SEIN', '', '7 TH', '29.12.1987', 'SINBAUNGWE', 'MAGWAY', '', '28.4.2027', '', '29.4.2022', '', '09266566500', 'MF864358', '', NULL, NULL, '2022-11-09 06:36:15', NULL, 'employer_interview', '2022-11-09 12:36:15', '2022-11-09 12:36:15', '4', '', NULL, NULL, NULL, NULL, NULL, NULL, NULL, 'Pass', '7.12.2021', '3.1.2022', '', '38', NULL);
INSERT INTO `name_lists` (`id`, `interview_id`, `demand_id`, `overseas_agencie_id`, `name`, `gender`, `nrc`, `father_name`, `mother_name`, `qualification`, `date_of_birth`, `native_town`, `region`, `come_from_to_interview`, `expiry_date`, `slip_date`, `passport_issue_date`, `medical_fail`, `phone_number`, `passport_number`, `remark`, `labour_card_no`, `issue_of_labour_date`, `join_date`, `bg_color`, `interview_type`, `created_at`, `updated_at`, `no`, `fail_cancel`, `contract_id`, `contract_submit_date`, `contract_user_id`, `sending_id`, `sending_submit_date`, `sending_user_id`, `note`, `physical_and_blindness_test`, `covid_vaccine_first_dose`, `covid_vaccine_second_dose`, `contract_no`, `age`, `departure_date`) VALUES
(125, 2, 1, 1, 'NWAY NWAY WINT', 'F', '12/KA MA YA(N)066878', 'U TIN PE', '', 'B.SC', '11.6.1994', 'YANGON', 'YANGON', '', '25.9.2027', '', '16.9.2022', '', '09455167317', 'MG506348', '', NULL, NULL, '2022-11-09 06:36:15', NULL, 'employer_interview', '2022-11-09 12:36:15', '2022-11-09 12:36:15', '5', '', NULL, NULL, NULL, NULL, NULL, NULL, NULL, 'Pass', '20.9.2021', '18.10.2021', '', '28', NULL),
(126, 2, 1, 1, 'MYO SANDAR', 'F', '14/DA DA YA(N)241380', 'U TIN NYEIN', '', '4 TH', '8.5.1996', 'DADAYAE', 'AYARWADDY', '', '23.9.2027', '', '24.9.2022', '', '09978089174', 'MG539248', '', NULL, NULL, '2022-11-09 06:36:15', NULL, 'employer_interview', '2022-11-09 12:36:15', '2022-11-09 12:36:15', '6', '', NULL, NULL, NULL, NULL, NULL, NULL, NULL, 'Pass', '25.9.2022', '24.10.2022', '', '26', NULL),
(127, 2, 1, 1, 'NAN NWE SOE', 'F', '12/MA GA DA(N)160231', 'U THEIN SHWE', '', 'B.S.C', '26.1.1991', 'YANGON', 'YANGON', '', '17.10.2027', '', '18.10.2022', '', '09456233989', 'MG658716', '', NULL, NULL, '2022-11-09 06:36:15', NULL, 'employer_interview', '2022-11-09 12:36:15', '2022-11-09 12:36:15', '7', '', NULL, NULL, NULL, NULL, NULL, NULL, NULL, 'Pass', '22.11.2021', '20.12.2021', '', '32', NULL),
(128, 2, 1, 1, 'NUG WAR KHAING', 'F', '12/MA GA DA(N)170387', 'U KALAR', '', 'B.Sc(Zoo)', '29.12.1997', 'YANGON', 'YANGON', '', '17.10.2027', '', '18.10.2022', '', '09251054046', 'MF658730', '', NULL, NULL, '2022-11-09 06:36:15', NULL, 'employer_interview', '2022-11-09 12:36:15', '2022-11-09 12:36:15', '8', '', NULL, NULL, NULL, NULL, NULL, NULL, NULL, 'Pass', '12.10.2021', '10.11.2021', '', '25', NULL),
(129, 2, 1, 1, 'TIN NWE WIN', 'F', '12/MA GA DA(N)147972', 'U MYINT MAUNG', '', 'B.Sc(Zoo)', '17.12.1994', 'YANGON', 'YANGON', '', '17.10.2027', '', '18.10.2022', '', '09250057677', 'MG658727', '', NULL, NULL, '2022-11-09 06:36:15', NULL, 'employer_interview', '2022-11-09 12:36:15', '2022-11-09 12:36:15', '9', '', NULL, NULL, NULL, NULL, NULL, NULL, NULL, 'Pass', '22.11.2021', '20.12.2021', '', '29', NULL),
(130, 2, 1, 1, 'NWEE NI WIN', 'F', '12/MA GA DA(N)219826', 'U AUNG THAN HTIKE', '', '10 TH', '16.7.2000', 'YANGON', 'YANGON', '', '', '30.10.2022', '', '', '09690638871', '', '', NULL, NULL, '2022-11-09 06:36:15', NULL, 'employer_interview', '2022-11-09 12:36:15', '2022-11-09 12:36:15', '10', '', NULL, NULL, NULL, NULL, NULL, NULL, NULL, 'Pass', '27.11.2021', '23.12.2021', '', '22', NULL),
(131, 2, 1, 1, 'NWET NAUNG', 'F', '8/MA BA NA(N)160045', 'U TIN WIN', '', '8 TH', '17.12.1993', 'MINBU', 'MAGWAY', '', '9.9.2027', '', '10.9.2022', '', '09961711388', 'MG451718', '', NULL, NULL, '2022-11-09 06:36:15', NULL, 'employer_interview', '2022-11-09 12:36:15', '2022-11-09 12:36:15', '11', '', NULL, NULL, NULL, NULL, NULL, NULL, NULL, 'Pass', '26.8.2021', '23.9.2021', '', '28', NULL),
(132, 2, 1, 1, 'KAY THWE MOE', 'F', '9/TA THA NA(N)205264', 'U MYINT SHWE', '', '9 TH', '18.5.1998', 'TAUNGTHAR', 'MANDALAY', '', '', '27.10.2022', '', '', '09666738733', '', '', NULL, NULL, '2022-11-09 06:36:15', NULL, 'employer_interview', '2022-11-09 12:36:15', '2022-11-09 12:36:15', '12', '', NULL, NULL, NULL, NULL, NULL, NULL, NULL, 'Pass', '8.2.2022', '28.9.2022', '', '24', NULL),
(133, 2, 1, 1, 'THWE THWE WIN', 'F', '12/KHA YA NA(N)159222', 'U AYE KHAING', '', '5 TH', '27.10.1995', 'KHAYAN', 'YANGON', '', '19.10.2027', '', '20.10.2022', '', '09685277571', 'MG668058', '', NULL, NULL, '2022-11-09 06:36:15', NULL, 'employer_interview', '2022-11-09 12:36:15', '2022-11-09 12:36:15', '13', '', NULL, NULL, NULL, NULL, NULL, NULL, NULL, 'Pass', '26.8.2021', '23.9.2021', '', '27', NULL),
(134, 2, 1, 1, 'EI EI AUNG', 'F', '12/MA GA DA(N)210180', 'U AUNG TUN', '', '10 TH', '16.6.2002', 'YANGON', 'YANGON', '', '13.10.2027', '', '14.10.2022', '', '09765190589', 'MG627408', '', NULL, NULL, '2022-11-09 06:36:15', NULL, 'employer_interview', '2022-11-09 12:36:15', '2022-11-09 12:36:15', '14', '', NULL, NULL, NULL, NULL, NULL, NULL, NULL, 'Pass', '5.10.2022', '4.11.2022', '', '20', NULL),
(135, 2, 1, 1, 'KHAING HNIN WAI', 'F', '5/TA SA NA(N)168576', 'U TUN SHWE', '', '8 TH', '24.4.1999', 'TAZE', 'SAGING', '', '5.10.2027', '', '6.10.2022', '', '09425254376', 'MG589087', '', NULL, NULL, '2022-11-09 06:36:15', NULL, 'employer_interview', '2022-11-09 12:36:15', '2022-11-09 12:36:15', '15', '', NULL, NULL, NULL, NULL, NULL, NULL, NULL, 'Pass', '25.8.2021', '22.9.2021', '', '23', NULL),
(136, 2, 1, 1, 'SOE MOE THU', 'F', '9/TA THA NA(N)187064', 'U MYINT SHWE', '', '10 TH', '30.5.1994', 'TAUNGTHAR', 'MANDALAY', '', '', '30.10.2022', '', '', '09762650803', '', '', NULL, NULL, '2022-11-09 06:36:15', NULL, 'employer_interview', '2022-11-09 12:36:15', '2022-11-09 12:36:15', '16', '', NULL, NULL, NULL, NULL, NULL, NULL, NULL, 'Pass', '26.8.2021', '23.9.2021', '', '28', NULL),
(137, 2, 1, 1, 'KAY THWE SOE', 'F', '9/TA THA NA(N)241879', 'U MYINT SHWE', '', '10 TH', '11.11.2002', 'TAUNGTHAR', 'MANDALAY', '', '', '30.10.2022', '', '', '09455577808', '', '', NULL, NULL, '2022-11-09 06:36:15', NULL, 'employer_interview', '2022-11-09 12:36:15', '2022-11-09 12:36:15', '17', '', NULL, NULL, NULL, NULL, NULL, NULL, NULL, 'Pass', '26.8.2021', '23.9.2021', '', '20', NULL),
(138, 2, 1, 1, 'AYE THU ZAR', 'F', '9/WA TA NA(N)255320', 'U WIN ZAW', '', '8 TH', '26.9.1999', 'WUNDWIN', 'MANDALAY', '', '', '7.11.2022', '', '', '09789610677', '', '', NULL, NULL, '2022-11-09 06:36:15', NULL, 'employer_interview', '2022-11-09 12:36:15', '2022-11-09 12:36:15', '18', '', NULL, NULL, NULL, NULL, NULL, NULL, NULL, 'Pass', '8.4.2022', '8.5.2022', '', '23', NULL),
(139, 2, 1, 1, 'MA PWAL', 'F', '9/THA SA NA(N)158292', 'U PHOE KHIN', '', '2 TH', '28.3.1992', 'THAZI', 'MANDALAY', '', '', '7.11.2022', '', '', '09798154226', '', '', NULL, NULL, '2022-11-09 06:36:15', NULL, 'employer_interview', '2022-11-09 12:36:15', '2022-11-09 12:36:15', '19', '', NULL, NULL, NULL, NULL, NULL, NULL, NULL, 'Pass', '24.3.2022', '23.4.2022', '', '30', NULL),
(140, 2, 1, 1, 'SANDAR LIN', 'F', '9/WA TA NA(N)255386', 'U MAUNG PO', '', '5 TH', '19.4.2002', 'WUNDWIN', 'MANDALAY', '', '2.3.2027', '', '3.3.2022', '', '09665523945', 'MF702500', '', NULL, NULL, '2022-11-09 06:36:15', NULL, 'employer_interview', '2022-11-09 12:36:15', '2022-11-09 12:36:15', '20', '', NULL, NULL, NULL, NULL, NULL, NULL, NULL, 'Pass', '6.10.2021', '3.11.201', '', '20', NULL),
(141, 2, 1, 1, 'MYA LAE YEE WIN', 'F', '12/TA GA KA(N)165509', 'U KYAW WIN', '', '3rd(GEO)', '17.5.1987', 'YANGON', 'YANGON', '', '', '4.11.2022', '', '', '09671999855', '', '', NULL, NULL, '2022-11-09 06:36:15', NULL, 'employer_interview', '2022-11-09 12:36:15', '2022-11-09 12:36:15', '21', '', NULL, NULL, NULL, NULL, NULL, NULL, NULL, 'Pass', '20.8.2021', '17.9.2021', '', '35', NULL),
(142, 2, 1, 1, 'WIN WIN MAW', 'F', '12/MA GA DA(N)020025', 'U TUN HLAING', '', '8 TH', '28.2.1986', 'YANGON', 'YANGON', '', '11.1.2027', '', '12.1.2022', '', '09449933169', 'MF602073', '', NULL, NULL, '2022-11-09 06:36:15', NULL, 'employer_interview', '2022-11-09 12:36:15', '2022-11-09 12:36:15', '22', '', NULL, NULL, NULL, NULL, NULL, NULL, NULL, 'Pass', '1.8.2022', '30.8.2022', '', '36', NULL),
(143, 2, 1, 1, 'CHAW SU HTWE', 'F', '12/YA PA THA(N)094109', 'U THAN HTWE', '', '9 TH', '20.3.1995', 'YANGON', 'YANGON', '', '1.7.2027', '', '2.7.2022', '', '09455616411', 'MG106252', '', NULL, NULL, '2022-11-09 06:36:15', NULL, 'employer_interview', '2022-11-09 12:36:15', '2022-11-09 12:36:15', '23', '', NULL, NULL, NULL, NULL, NULL, NULL, NULL, 'Pass', '20.3.2022', '24.4.2022', '', '27', NULL),
(144, 2, 1, 1, 'AYE AYE THIN', 'F', '9/PA OH LA(N)046455', 'U AUNG SHWE', '', '4 TH', '26.1.1992', 'PYINOOLWIN', 'MANDALAY', '', '25.9.2027', '', '26.9.2022', '', '09787064432', 'MG546594', '', NULL, NULL, '2022-11-09 06:36:15', NULL, 'employer_interview', '2022-11-09 12:36:15', '2022-11-09 12:36:15', '24', '', NULL, NULL, NULL, NULL, NULL, NULL, NULL, 'Pass', '22.3.2022', '20.4.2022', '', '30', NULL),
(145, 2, 1, 1, 'HNIN THAW TAR WIN', 'F', '12/MA GA DA(N)198943', 'U MYA WIN', '', '10 TH', '20.1.2000', 'YANGON', 'YANGON', '', '4.5.2027', '', '5.5.2022', '', '09957687729', 'MF879248', '', NULL, NULL, '2022-11-09 06:36:15', NULL, 'employer_interview', '2022-11-09 12:36:15', '2022-11-09 12:36:15', '25', '', NULL, NULL, NULL, NULL, NULL, NULL, NULL, 'Pass', '11.10.2021', '8.10.2021', '', '22', NULL),
(146, 2, 1, 1, 'HNIN NANDAR SOE', 'F', '8/PA KHA KA(N)292359', 'U SOE LWIN', '', '10 TH', '13.5.1996', 'PAKOKKU', 'MAGWAY', '', '28.6.2027', '', '29.6.2022', '', '09442614166', 'MG084988', '', NULL, NULL, '2022-11-09 06:36:15', NULL, 'employer_interview', '2022-11-09 12:36:15', '2022-11-09 12:36:15', '26', '', NULL, NULL, NULL, NULL, NULL, NULL, NULL, 'Pass', '22.3.2022', '20.4.2022', '', '26', NULL),
(147, 2, 1, 1, 'HTET HTET KHAING', 'F', '8/PA MA NA(N)170782', 'U AUNG SAN', '', '6 TH', '26.8.1995', 'PAUK', 'MAGWAY', '', '19.6.2027', '', '20.6.2022', '', '09769950058', 'MG053643', '', NULL, NULL, '2022-11-09 06:36:15', NULL, 'employer_interview', '2022-11-09 12:36:15', '2022-11-09 12:36:15', '27', '', NULL, NULL, NULL, NULL, NULL, NULL, NULL, 'Pass', '22.3.2022', '20.4.2022', '', '29', NULL),
(148, 2, 1, 1, 'KHIN AYE SOE', 'F', '14/BA KA LA(N)243175', 'U THAUNG AYE', '', '10 TH', '28.12.1990', 'BOGALE', 'AYARWADDY', '', '17.6.2027', '', '18.6.2022', '', '09260283018', 'MG050887', '', NULL, NULL, '2022-11-09 06:36:15', NULL, 'employer_interview', '2022-11-09 12:36:15', '2022-11-09 12:36:15', '28', '', NULL, NULL, NULL, NULL, NULL, NULL, NULL, 'Pass', '18.8.2021', '16.9.2021', '', '32', NULL),
(149, 2, 1, 1, 'PHYOE PHYOE AYE', 'F', '9/TA KA NA(N)159469', 'U WIN SHWE', '', '8 TH', '26.10.1992', 'TATKON', 'NAYPYITAW', '', '25.9.2027', '', '26.9.2022', '', '09760777534', 'MG545918', '', NULL, NULL, '2022-11-09 06:36:15', NULL, 'employer_interview', '2022-11-09 12:36:15', '2022-11-09 12:36:15', '29', '', NULL, NULL, NULL, NULL, NULL, NULL, NULL, 'Pass', '19.11.2021', '17.12.2021', '', '30', NULL),
(150, 2, 1, 1, 'THET MON OO', 'F', '9/TA KA NA(N)231524', 'U KYAW NAING OO', '', '10 TH', '15.3.2003', 'TATKON', 'NAYPYITAW', '', '16.12.2026', '', '17.12.2021', '', '09883599217', 'MF501907', '', NULL, NULL, '2022-11-09 06:36:15', NULL, 'employer_interview', '2022-11-09 12:36:15', '2022-11-09 12:36:15', '30', '', NULL, NULL, NULL, NULL, NULL, NULL, NULL, 'Pass', '14.11.2021', '12.12.2021', '', '19', NULL),
(151, 2, 1, 1, 'WAI WAI LWIN', 'F', '9/TA KA NA(N)237689', 'U WIN NAING', '', '8 TH', '3.4.2000', 'TATKON', 'NAYPYITAW', '', '25.7.2027', '', '26.7.2022', '', '09982575232', 'MG183725', '', NULL, NULL, '2022-11-09 06:36:15', NULL, 'employer_interview', '2022-11-09 12:36:15', '2022-11-09 12:36:15', '31', '', NULL, NULL, NULL, NULL, NULL, NULL, NULL, 'Pass', '4.7.2022', '1.8.2022', '', '22', NULL),
(152, 2, 1, 1, 'HAY MAR NWE', 'F', '9/TA KA NA(N)256710', 'U SAN MYINT OO', '', '8 TH', '13.6.2004', 'TATKON', 'NAYPYITAW', '', '25.7.2027', '', '26.7.2022', '', '09982575232', 'MG183731', '', NULL, NULL, '2022-11-09 06:36:15', NULL, 'employer_interview', '2022-11-09 12:36:15', '2022-11-09 12:36:15', '32', '', NULL, NULL, NULL, NULL, NULL, NULL, NULL, 'Pass', '7.10.2022', '4.2.2022', '', '18', NULL),
(153, 2, 1, 1, 'LAE LAE WIN', 'F', '9/TA KA NA(N)221591', 'U HLA MYINT', '', '5 TH', '3.7.1998', 'TATKON', 'NAYPYITAW', '', '26.6.2027', '', '27.6.2022', '', '09974147261', 'MG075049', '', NULL, NULL, '2022-11-09 06:36:15', NULL, 'employer_interview', '2022-11-09 12:36:15', '2022-11-09 12:36:15', '33', '', NULL, NULL, NULL, NULL, NULL, NULL, NULL, 'Pass', '26.11.2021', '24.12.2021', '', '34', NULL),
(154, 2, 1, 1, 'EI EI HTWE', 'F', '9/TA KA NA(N)231529', 'U HLA MYINT', '', '10 TH', '27.4.2002', 'TATKON', 'NAYPYITAW', '', '7.3.2027', '', '8.3.2022', '', '09978700262', 'MF713289', '', NULL, NULL, '2022-11-09 06:36:15', NULL, 'employer_interview', '2022-11-09 12:36:15', '2022-11-09 12:36:15', '34', '', NULL, NULL, NULL, NULL, NULL, NULL, NULL, 'Pass', '19.11.2021', '17.12.2021', '', '20', NULL),
(155, 2, 1, 1, 'THAE THAE OO', 'F', '9/TA KA NA(N)212765', 'U SOE MYINT', '', 'Final(Mya)', '6.10.1998', 'TATKON', 'NAYPYITAW', '', '26.6.2027', '', '27.6.2022', '', '09988890637', 'MG074897', '', NULL, NULL, '2022-11-09 06:36:15', NULL, 'employer_interview', '2022-11-09 12:36:15', '2022-11-09 12:36:15', '35', '', NULL, NULL, NULL, NULL, NULL, NULL, NULL, 'Pass', '23.4.2022', '9.9.2022', '', '24', NULL),
(156, 2, 1, 1, 'THUZAR MOE', 'F', '9/TA KA NA(N)253249', 'U SOE MYINT', '', '10 TH', '1.9.2004', 'TATKON', 'NAYPYITAW', '', '21.9.2027', '', '22.9.2022', '', '09681362103', 'MG533104', '', NULL, NULL, '2022-11-09 06:36:15', NULL, 'employer_interview', '2022-11-09 12:36:15', '2022-11-09 12:36:15', '36', '', NULL, NULL, NULL, NULL, NULL, NULL, NULL, 'Pass', '23.4.2022', '9.9.2022', '', '18', NULL),
(157, 2, 1, 1, 'YADANAR KHIN', 'F', '9/TA KA NA(N)250887', 'U KHIN MAUNG SWE', '', '10 TH', '24.10.2002', 'TATKON', 'NAYPYITAW', '', '30.5.2027', '', '31.5.2022', '', '09989407504', 'MF973595', '', NULL, NULL, '2022-11-09 06:36:15', NULL, 'employer_interview', '2022-11-09 12:36:15', '2022-11-09 12:36:15', '37', '', NULL, NULL, NULL, NULL, NULL, NULL, NULL, 'Pass', '19.11.2021', '17.12.2021', '', '20', NULL),
(158, 2, 1, 1, 'TIN ZAR WIN', 'F', '9/TA KA NA(N)212871', 'U KYIN SHEIN', '', '7 TH', '26.5.1994', 'TATKON', 'NAYPYITAW', '', '24.11.2026', '', '25.11.2021', '', '09683368787', 'MF450025', '', NULL, NULL, '2022-11-09 06:36:15', NULL, 'employer_interview', '2022-11-09 12:36:15', '2022-11-09 12:36:15', '38', '', NULL, NULL, NULL, NULL, NULL, NULL, NULL, 'Pass', '26.10.2021', '25.11.2021', '', '28', NULL),
(159, 2, 1, 1, 'NWE NWE AUNG', 'F', '7/MA LA NA(N)142914', 'U AUNG WIN', '', '10 TH', '1.6.1998', 'MINHLA', 'BAGO', '', '5.6.2027', '', '6.6.2022', '', '09698515884', 'MF989945', '', NULL, NULL, '2022-11-09 06:36:15', NULL, 'employer_interview', '2022-11-09 12:36:15', '2022-11-09 12:36:15', '39', '', NULL, NULL, NULL, NULL, NULL, NULL, NULL, 'Pass', '6.8.2021', '5.9.2021', '', '24', NULL),
(160, 2, 1, 1, 'HTET HTET LIN', 'F', '9/TA KA NA(N)231526', 'U ZAW THAN NAING', '', '10 TH', '9.9.2000', 'TATKON', 'NAYPYITAW', '', '26.6.2027', '', '27.6.2022', '', '09765278785', 'MG075048', '', NULL, NULL, '2022-11-09 06:36:15', NULL, 'employer_interview', '2022-11-09 12:36:15', '2022-11-09 12:36:15', '40', '', NULL, NULL, NULL, NULL, NULL, NULL, NULL, 'Pass', '19.11.2021', '17.12.2021', '', '20', NULL),
(161, 2, 1, 1, 'NANDAR WIN', 'F', '9/TA KA NA(N)250368', 'U KHIN MAUNG WIN', '', '10 TH', '15.9.2001', 'TATKON', 'NAYPYITAW', '', '22.6.2027', '', '23.6.2022', '', '09892156339', 'MG066101', '', NULL, NULL, '2022-11-09 06:36:15', NULL, 'employer_interview', '2022-11-09 12:36:15', '2022-11-09 12:36:15', '41', '', NULL, NULL, NULL, NULL, NULL, NULL, NULL, 'Pass', '14.10.2021', '11.11.2021', '', '21', NULL),
(162, 2, 1, 1, 'KHIN SU PO', 'F', '9/TA KA NA(N)245566', 'U PU TO', '', '8 TH', '28.6.2003', 'TATKON', 'NAYPYITAW', '', '26.6.2027', '', '27.6.2022', '', '09940310766', 'MG075047', '', NULL, NULL, '2022-11-09 06:36:15', NULL, 'employer_interview', '2022-11-09 12:36:15', '2022-11-09 12:36:15', '42', '', NULL, NULL, NULL, NULL, NULL, NULL, NULL, 'Pass', '19.11.2021', '17.12.2021', '', '19', NULL),
(163, 2, 1, 1, 'EI EI NYEIN', 'F', '7/PA KHA NA(N)375262', 'U KYAW SHWE', '', '7 TH', '10.3.1992', 'BAGO', 'BAGO', '', '5.9.2027', '', '6.9.2022', NULL, '09759511468', 'MG430591', '', NULL, NULL, '2022-11-09 06:36:15', NULL, 'employer_interview', '2022-11-09 12:36:15', '2022-11-09 12:41:02', '43', '', NULL, NULL, NULL, NULL, NULL, NULL, NULL, 'Pass', '19.11.2021', '19.12.2021', '', '30', NULL),
(164, 2, 1, 1, 'PHYU PHYU THAE', 'F', '7/THA NA PA(N)171134', 'U WIN NYUNT', '', '10 TH', '16.3.2002', 'THANNATBIN', 'BAGO', '', '18.9.2027', '', '19.9.2022', '', '09251093300', 'MG517447', '', NULL, NULL, '2022-11-09 06:36:15', NULL, 'employer_interview', '2022-11-09 12:36:15', '2022-11-09 12:36:15', '44', '', NULL, NULL, NULL, NULL, NULL, NULL, NULL, 'Pass', '12.10.2021', '11.11.2021', '', '20', NULL),
(165, 2, 1, 1, 'SAN SAN WIN', 'F', '7/THA NA PA(N)131887', 'U WIN NYUNT', '', '4 TH', '3.6.1992', 'THANNATBIN', 'BAGO', '', '5.9.2027', '', '6.9.2022', 'B POSITIVE', '09759146465', 'MG430549', '', NULL, NULL, '2022-11-09 06:36:15', NULL, 'employer_interview', '2022-11-09 12:36:15', '2022-11-09 12:36:15', '45', '', NULL, NULL, NULL, NULL, NULL, NULL, NULL, 'Pass', '12.10.2021', '11.11.2021', '', '30', NULL),
(166, 2, 1, 1, 'MYAT KAY THI AUNG', 'F', '7/KA WA NA(N)199373', 'U TIN SHWE', '', '3 TH', '8.11.2000', 'KAWA', 'BAGO', '', '7.9.2027', '', '8.9.2022', '', '09672699336', 'MG443843', '', NULL, NULL, '2022-11-09 06:36:15', NULL, 'employer_interview', '2022-11-09 12:36:15', '2022-11-09 12:36:15', '46', '', NULL, NULL, NULL, NULL, NULL, NULL, NULL, 'Pass', '26.5.2022', '23.6.2022', '', '22', NULL),
(167, 2, 1, 1, 'HNIN WAI LWIN', 'F', '7/PA KHA NA(N)306368', 'U KYAW WIN', '', '10 TH', '28.4.1990', 'BAGO', 'BAGO', '', '5.9.2027', '', '6.9.2022', '', '09793291468', 'MG430553', '', NULL, NULL, '2022-11-09 06:36:15', NULL, 'employer_interview', '2022-11-09 12:36:15', '2022-11-09 12:36:15', '47', '', NULL, NULL, NULL, NULL, NULL, NULL, NULL, 'Pass', '25.9.2021', '23.10.2021', '', '32', NULL),
(168, 2, 1, 1, 'HNIN WUTT YI', 'F', '7/PA KHA NA(N)383412', 'U WIN NAING', '', '8 TH', '28.12.1995', 'BAGO', 'BAGO', '', '18.9.2027', '', '19.9.2022', '', '09455639117', 'MG517444', '', NULL, NULL, '2022-11-09 06:36:15', NULL, 'employer_interview', '2022-11-09 12:36:15', '2022-11-09 12:36:15', '48', '', NULL, NULL, NULL, NULL, NULL, NULL, NULL, 'Pass', '24.9.2021', '22.10.2021', '', '27', NULL),
(169, 2, 1, 1, 'THAE SU NAING ', 'F', '7/NA TA LA(N0192266', 'U KYAW WIN NAING', '', '8TH', '23.6.2002', 'BAGO', 'BAGO', '', '28.7.2027', '', '29.7.2022', 'B POSITIVE', '09760506230', 'MG207716', '', NULL, NULL, '2022-11-09 06:36:15', NULL, 'employer_interview', '2022-11-09 12:36:15', '2022-11-09 12:36:15', '49', '', NULL, NULL, NULL, NULL, NULL, NULL, NULL, 'Pass', '30.5.2022', '2.7.2022', '', '20', NULL),
(170, 2, 1, 1, 'EI SHWE ZJN', 'F', '7/NA TA LA(N)177241', 'U THAN KYAWL', '', '7TH', '4.3.2001', 'BAGO', 'BAGO', '', '03.02.2027', '', '04.02.2022', '', '09781589252', 'MF650418', '', NULL, NULL, '2022-11-09 06:36:15', NULL, 'employer_interview', '2022-11-09 12:36:15', '2022-11-09 12:36:15', '50', '', NULL, NULL, NULL, NULL, NULL, NULL, NULL, 'Pass', '27.12.2021', '22.1.2022', '', '21', NULL),
(171, 2, 1, 1, 'LAE LAE KHAING', 'F', '7/TA NA PA(N)110067', 'U KYAW NYEIN', '', '7 TH', '14.12..1991', 'THANNATBIN', 'BAGO', '', '18.09.2027', '', '19.09.2022', '', '09261144297', 'MG517441', '', NULL, NULL, '2022-11-09 06:36:15', NULL, 'employer_interview', '2022-11-09 12:36:15', '2022-11-09 12:36:15', '51', '', NULL, NULL, NULL, NULL, NULL, NULL, NULL, 'Pass', '27.03.2022', '25.04.2022', '', '31', NULL),
(172, 2, 1, 1, 'WAI WAI', 'F', '8/THA YA NA(N)107888', 'U SAL THAN', '', '8 TH', '20.12.1997', 'THAYET', 'MAGWAY', '', '5.5.2027', '', '6.5.2022', '', '09428807857', 'MF881210', '', NULL, NULL, '2022-11-09 06:36:15', NULL, 'employer_interview', '2022-11-09 12:36:15', '2022-11-09 12:36:15', '52', '', NULL, NULL, NULL, NULL, NULL, NULL, NULL, 'Pass', '9.11.2021', '21.6.2022', '', '24', NULL),
(173, 2, 1, 1, 'THANDAR TUN', 'F', '7/THA WA TA(N)140763', 'U WIN TUN', '', '9 TH', '20.9.2001', 'THAYARWADI', 'BAGO', '', '26.5.2027', '', '27.5.2022', '', '09787107964', 'MF962833', '', NULL, NULL, '2022-11-09 06:36:15', NULL, 'employer_interview', '2022-11-09 12:36:15', '2022-11-09 12:36:15', '53', '', NULL, NULL, NULL, NULL, NULL, NULL, NULL, 'Pass', '30.11.2021', '30.12.2021', '', '21', NULL),
(174, 2, 1, 1, 'TUN PA PA HLAING', 'F', '7/THA WA TA(N)175989', 'U WIN TUN', '', '6 TH', '5.2.2003', 'THAYARWADI', 'BAGO', '', '17.8.2027', '', '18.8.2022', '', '09799756239', 'MG304463', '', NULL, NULL, '2022-11-09 06:36:15', NULL, 'employer_interview', '2022-11-09 12:36:15', '2022-11-09 12:36:15', '54', '', NULL, NULL, NULL, NULL, NULL, NULL, NULL, 'Pass', '21.2.2022', '22.3.2022', '', '19', NULL),
(175, 2, 1, 1, 'THAE EI MON', 'F', '7/THA WA TA(N)166644', 'U AUNG SOE', '', '8 TH', '31.7.2003', 'THAYARWADI', 'BAGO', '', '11.5.2027', '', '12.5.2022', '', '09787107964', 'MF915699', '', NULL, NULL, '2022-11-09 06:36:15', NULL, 'employer_interview', '2022-11-09 12:36:15', '2022-11-09 12:36:15', '55', '', NULL, NULL, NULL, NULL, NULL, NULL, NULL, 'Pass', '21.2.2022', '22.3.2022', '', '19', NULL),
(176, 2, 1, 1, 'SWE ZIN TUN', 'F', '9/TA KA NA(N)212758', 'U KYAW NYUNT', '', '6 TH', '17.8.1995', 'TATKON', 'NAYPYITAW', '', '13.6.2027', '', '14.6.2022', '', '09453915077', 'MG035461', '', NULL, NULL, '2022-11-09 06:36:15', NULL, 'employer_interview', '2022-11-09 12:36:15', '2022-11-09 12:36:15', '56', '', NULL, NULL, NULL, NULL, NULL, NULL, NULL, 'Pass', '14.10.2021', '11.11.2021', '', '26', NULL),
(177, 2, 1, 1, 'ZIN MAR WIN', 'F', '9/TA KA NA(N)243314', 'U MIN LWIN', '', '5 TH', '10.10.2003', 'TATKON', 'NAYPYITAW', '', '23.10.2027', '', '24.10.2022', '', '09690883368', 'MG681237', '', NULL, NULL, '2022-11-09 06:36:15', NULL, 'employer_interview', '2022-11-09 12:36:15', '2022-11-09 12:36:15', '57', '', NULL, NULL, NULL, NULL, NULL, NULL, NULL, 'Pass', '2.10.2022', '2.11.2022', '', '19', NULL),
(178, 2, 1, 1, 'ZIN MAR KHAING', 'F', '9/TA TA OH(N)152699', 'U KYAW HLAING', '', '3 rd(Zoo)', '3.11.1999', 'TADAROO', 'MANDALAY', '', '', '4.11.2022', '', '', '09698775876', '', '', NULL, NULL, '2022-11-09 06:36:15', NULL, 'employer_interview', '2022-11-09 12:36:15', '2022-11-09 12:36:15', '58', '', NULL, NULL, NULL, NULL, NULL, NULL, NULL, 'Pass', '29.9.2021', '31.10.2022', '', '23', NULL),
(179, 2, 1, 1, 'THI THI KAHING', 'F', '9/PA BA THA(N)013675', 'U TIN MYAING', '', '5 TH', '23.3.2002', 'TATKON', 'NAYPYITAW', '', '28.12.2027', '', '29.8.2022', '', '09761211807', 'MG368494', '', NULL, NULL, '2022-11-09 06:36:15', NULL, 'employer_interview', '2022-11-09 12:36:15', '2022-11-09 12:36:15', '59', '', NULL, NULL, NULL, NULL, NULL, NULL, NULL, 'Pass', '17.11.2021', '18.12.2021', '', '22', NULL),
(180, 2, 1, 1, 'Aye Mon', 'F', '9/TA KA NA(N)232546', 'U TIN SEIN', '', '10 TH', '10.8.2003', 'TATKON', 'NAYPYITAW', '', '7.3.2027', '', '8.3.2022', '', '09769646025', 'MF713287', '', NULL, NULL, '2022-11-09 06:36:15', NULL, 'employer_interview', '2022-11-09 12:36:15', '2022-11-09 12:36:15', '60', '', NULL, NULL, NULL, NULL, NULL, NULL, NULL, 'Pass', '14.10.2021', '12.11.2021', '', '19', NULL),
(181, 2, 1, 1, 'TIN NILAR WIN', 'F', '9/TA KA NA(N)231544', 'U SOE NAING', '', '10 TH', '11.7.2002', 'TATKON', 'NAYPYITAW', '', '25.9.2027', '', '26.9.2022', '', '09769646025', 'MG545915', '', NULL, NULL, '2022-11-09 06:36:15', NULL, 'employer_interview', '2022-11-09 12:36:15', '2022-11-09 12:36:15', '61', '', NULL, NULL, NULL, NULL, NULL, NULL, NULL, 'Pass', '11.11.2021', '9.12.2021', '', '20', NULL),
(182, 2, 1, 1, 'THET WAI OO', 'F', '8/MA BA NA(N)172591', 'U TINT WAI', '', '2nd(Phys)', '19.5.2002', 'MINBU', 'MAGWAY', '', '17.5.2027', '', '18.5.2022', '', '09889352709', 'MF932686', '', NULL, NULL, '2022-11-09 06:36:15', NULL, 'employer_interview', '2022-11-09 12:36:15', '2022-11-09 12:36:15', '62', '', NULL, NULL, NULL, NULL, NULL, NULL, NULL, 'Pass', '23.11.2021', '23.12.2021', '', '20', NULL),
(183, 2, 1, 1, 'WA THONE OO', 'F', '8/MA BA NA(N)172627', 'U AYE LWIN', '', '10 TH', '19.6.2002', 'MINBU', 'MAGWAY', '', '17.5.2027', '', '18.5.2022', '', '09422362013', 'MF933193', '', NULL, NULL, '2022-11-09 06:36:15', NULL, 'employer_interview', '2022-11-09 12:36:15', '2022-11-09 12:36:15', '63', '', NULL, NULL, NULL, NULL, NULL, NULL, NULL, 'Pass', '10.10.2021', '28.12.2021', '', '20', NULL),
(184, 2, 1, 1, 'HTET HTET OO', 'F', '8/MA BA NA(N)156810', 'U AYE LWIN', '', '5 TH', '19.11.1994', 'MINBU', 'MAGWAY', '', '15.7.2027', '', '16.7.2022', '', '09422362013', 'MG158201', '', NULL, NULL, '2022-11-09 06:36:15', NULL, 'employer_interview', '2022-11-09 12:36:15', '2022-11-09 12:36:15', '64', '', NULL, NULL, NULL, NULL, NULL, NULL, NULL, 'Pass', '16.1.2022', '15.2.2022', '', '28', NULL),
(185, 2, 1, 1, 'NAN NAN SOE', 'F', '7/DA OH NA(N)223570', 'U TIN HTAY', '', '5 TH', '21.1.1998', 'DAIK-U', 'BAGO', '', '22.8.2027', '', '23.8.2022', '', '09755346120', 'MG345033', '', NULL, NULL, '2022-11-09 06:36:15', NULL, 'employer_interview', '2022-11-09 12:36:15', '2022-11-09 12:36:15', '65', '', NULL, NULL, NULL, NULL, NULL, NULL, NULL, 'Pass', '8.10.2021', '5.11.2021', '', '24', NULL),
(186, 2, 1, 1, 'DAW WAR', 'F', '7/DA OH NA(N)213989', 'U KYAW WIN', '', '1 TH', '3.6.1987', 'DAIK-U', 'BAGO', '', '22.8.2027', '', '23.8.2022', '', '09761943052', 'MG345031', '', NULL, NULL, '2022-11-09 06:36:15', NULL, 'employer_interview', '2022-11-09 12:36:15', '2022-11-09 12:36:15', '66', '', NULL, NULL, NULL, NULL, NULL, NULL, NULL, 'Pass', '14.12.2021', '11.1.2022', '', '35', NULL),
(187, 2, 1, 1, 'KHAING MAR LIN', 'F', '7/DA OH NA (N)239852', 'U ZAW LIN OO', '', '4TH', '28.12.2003', 'DAIK-U', 'BAGO', '', '10.2.2027', '', '11.2.2022', '', '09780210893', 'MF660983', '', NULL, NULL, '2022-11-09 06:36:15', NULL, 'employer_interview', '2022-11-09 12:36:15', '2022-11-09 12:36:15', '67', '', NULL, NULL, NULL, NULL, NULL, NULL, NULL, 'Pass', '27.9.2021', '25.10.2021', '', '`19', NULL),
(188, 2, 1, 1, 'SU HLAING HNIN', 'F', '7/DA OH NA(N)230527', 'U WIN HTAY', '', '4 TH', '28.6.1994', 'DAIK-U', 'BAGO', '', '29.12.2026', '', '30.12.2021', '', '09943413096', 'MF580044', '', NULL, NULL, '2022-11-09 06:36:15', NULL, 'employer_interview', '2022-11-09 12:36:15', '2022-11-09 12:36:15', '68', '', NULL, NULL, NULL, NULL, NULL, NULL, NULL, 'Pass', '23.10.2021', '20.11.2021', '', '27', NULL),
(189, 2, 1, 1, 'PHYO WAI HLAING ', 'F', '7/DA OH NA(N)239851', 'U CHIT MHWE', '', '4TH', '26.12.2003', 'DAIK-U', 'BAGO', '', '10.2.2027', '', '11.2.2022', '', '09779011313', 'MF660542', '', NULL, NULL, '2022-11-09 06:36:15', NULL, 'employer_interview', '2022-11-09 12:36:15', '2022-11-09 12:36:15', '69', '', NULL, NULL, NULL, NULL, NULL, NULL, NULL, 'Pass', '29.9.2021', '25.10.2021', '', '19', NULL),
(190, 2, 1, 1, 'PHYU MAR HTAY', 'F', '9/TA KA NA(N)256614', 'U MIN ZAW', '', '9 TH', '13.5.2004', 'TATKON', 'NAYPYITAW', '', '27.6.2022', '', '27.6.2022', '', '09421355504', 'MG075039', '', NULL, NULL, '2022-11-09 06:36:15', NULL, 'employer_interview', '2022-11-09 12:36:15', '2022-11-09 12:36:15', '70', '', NULL, NULL, NULL, NULL, NULL, NULL, NULL, 'Pass', '22.6.2022', '20.7.2022', '', '18', NULL),
(191, 2, 1, 1, 'EI KHAING SOE', 'F', '9/TA KA NA(N)252047', 'U ZAW WIN TUN', '', '10 TH', '7.5.2003', 'TATKON', 'NAYPYITAW', '', '22.6.2027', '', '23.6.2022', '', '09955030975', 'MG066100', '', NULL, NULL, '2022-11-09 06:36:15', NULL, 'employer_interview', '2022-11-09 12:36:15', '2022-11-09 12:36:15', '0', '', NULL, NULL, NULL, NULL, NULL, NULL, NULL, 'Pass', '13.11.2021', '11.12.2021', '', '19', NULL),
(192, 2, 1, 1, 'AYE CHAN SOE', 'F', '9/TA KA NA(N)231560', 'U ZAW WIN TUN', '', '1 st(Mya)', '7.2.2000', 'TATKON', 'NAYPYITAW', '', '20.6.2027', '', '21.6.2022', '', '09962395355', 'MG060374', '', NULL, NULL, '2022-11-09 06:36:15', NULL, 'employer_interview', '2022-11-09 12:36:15', '2022-11-09 12:36:15', '72', '', NULL, NULL, NULL, NULL, NULL, NULL, NULL, 'Pass', '13.11.2021', '11.12.2021', '', '22', NULL),
(193, 2, 1, 1, 'KHAING ZAR HTET', 'F', '9/TA KA NA(N)228919', 'U WIN KO', '', '8 TH', '20.1.1996', 'TATKON', 'NAYPYITAW', '', '6.6.2027', '', '7.6.2022', '', '09790720843', 'MF991269', '', NULL, NULL, '2022-11-09 06:36:15', NULL, 'employer_interview', '2022-11-09 12:36:15', '2022-11-09 12:36:15', '73', '', NULL, NULL, NULL, NULL, NULL, NULL, NULL, 'Pass', '13.11.2021', '11.12.2021', '', '26', NULL),
(194, 2, 1, 1, 'KHAING ZAR THET', 'F', '9/TA KA NA(N)231658', 'U WIN KO', '', '10 TH', '3.11.2003', 'TATKON', 'NAYPYITAW', '', '6.6.2027', '', '7.6.2022', '', '09678901326', 'MF991262', '', NULL, NULL, '2022-11-09 06:36:15', NULL, 'employer_interview', '2022-11-09 12:36:15', '2022-11-09 12:36:15', '74', '', NULL, NULL, NULL, NULL, NULL, NULL, NULL, 'Pass', '13.11.2021', '11.12.2021', '', '20', NULL),
(195, 2, 1, 1, 'THET HTAR SWE', 'F', '9/TA KA NA(N)231511', 'U AUNG WIN HLAING', '', '10 TH', '1.6.2004', 'TATKON', 'NAYPYITAW', '', '22.62027', '', '23.6.2022', '', '09978941511', 'MG066097', '', NULL, NULL, '2022-11-09 06:36:15', NULL, 'employer_interview', '2022-11-09 12:36:15', '2022-11-09 12:36:15', '75', '', NULL, NULL, NULL, NULL, NULL, NULL, NULL, 'Pass', '14.3.2022', '24.4.2022', '', '18', NULL),
(196, 2, 1, 1, 'AYE MYA MON', 'F', '9/TA KA NA(N)217181', 'U KYAW SWAR WIN', '', '10 TH', '24.11.2002', 'TATKON', 'NAYPYITAW', '', '25.7.2027', '', '26.7.2022', '', '09989038559', 'MG183727', '', NULL, NULL, '2022-11-09 06:36:15', NULL, 'employer_interview', '2022-11-09 12:36:15', '2022-11-09 12:36:15', '76', '', NULL, NULL, NULL, NULL, NULL, NULL, NULL, 'Pass', '21.11.2021', '20.12.2021', '', '20', NULL),
(197, 2, 1, 1, 'PAN WUT HMONE', 'F', '9/TA KA NA(N)254884', 'U KYI NAING', '', '4 TH', '13.12.2021', 'TATKON', 'NAYPYITAW', '', '10.10.2027', '', '11.10.2022', '', '09766063220', 'MG614136', '', NULL, NULL, '2022-11-09 06:36:15', NULL, 'employer_interview', '2022-11-09 12:36:15', '2022-11-09 12:36:15', '77', '', NULL, NULL, NULL, NULL, NULL, NULL, NULL, 'Pass', '8.8.2021', '5.9.2021', '', '21', NULL),
(198, 2, 1, 1, 'NU NU SWE', 'F', '9/TA KA NA(N)250175', 'U MYA HAN', '', '10 TH', '27.6.2002', 'TATKON', 'NAYPYITAW', '', '27.7.2027', '', '28.7.2022', '', '09763172985', 'MG193327', '', NULL, NULL, '2022-11-09 06:36:15', NULL, 'employer_interview', '2022-11-09 12:36:15', '2022-11-09 12:36:15', '78', '', NULL, NULL, NULL, NULL, NULL, NULL, NULL, 'Pass', '27.9.2021', '20.11.2021', '', '20', NULL),
(199, 2, 1, 1, 'EI EI PHYO', 'F', '9/TA KA NA(N)231520', 'U TUN PHAY', '', '10 TH', '17.11.2001', 'TATKON', 'NAYPYITAW', '', '23.3.2027', '', '24.3.2022', '', '09972051065', 'MF748136', '', NULL, NULL, '2022-11-09 06:36:15', NULL, 'employer_interview', '2022-11-09 12:36:15', '2022-11-09 12:36:15', '79', '', NULL, NULL, NULL, NULL, NULL, NULL, NULL, 'Pass', '14.10.2021', '11.11.2021', '', '21', NULL),
(200, 2, 1, 1, 'THIN HTET HTET SOE', 'F', '9/TA KA NA(N)231516', 'U KYAW THIN', '', '10 TH', '14.9.2001', 'TATKON', 'NAYPYITAW', '', '20.6.2027', '', '21.6.2022', '', '09976252131', 'MG060373', '', NULL, NULL, '2022-11-09 06:36:15', NULL, 'employer_interview', '2022-11-09 12:36:15', '2022-11-09 12:36:15', '80', '', NULL, NULL, NULL, NULL, NULL, NULL, NULL, 'Pass', '19.11.2021', '17.12.2021', '', '21', NULL),
(201, 2, 1, 1, 'TIN HTAY KYI', 'F', '9/TA KA NA(N)221717', 'U MAUNG PU', '', '3TH', '13.5.1988', 'TATKON', 'NAYPYITAW', '', '13.6.2027', '', '14.6.2022', '', '09963607648', 'MG035536', '', NULL, NULL, '2022-11-09 06:36:15', NULL, 'employer_interview', '2022-11-09 12:36:15', '2022-11-09 12:36:15', '81', '', NULL, NULL, NULL, NULL, NULL, NULL, NULL, 'Pass', '19.11.2021', '17.12.2021', '', '34', NULL),
(202, 2, 1, 1, 'WAI MAR NAING', 'F', '9/TA KA NA(N)243213', 'U HTAY WIN', '', '4 TH', '17.10.1993', 'TATKON', 'NAYPYITAW', '', '29.5.2027', '', '30.5.2022', '', '09967735812', 'MF968922', '', NULL, NULL, '2022-11-09 06:36:15', NULL, 'employer_interview', '2022-11-09 12:36:15', '2022-11-09 12:36:15', '82', '', NULL, NULL, NULL, NULL, NULL, NULL, NULL, 'Pass', '18.1.2022', '24.2.2022', '', '29', NULL),
(203, 2, 1, 1, 'NAY CHI WIN', 'F', '7/TA NGA NA(N)163310', 'U MAUNG WIN', '', '10 TH', '16.9.1992', 'TAUNGOO', 'BAGO', '', '28.8.2027', '', '29.8.2022', '', '09681839407', 'MG370181', '', NULL, NULL, '2022-11-09 06:36:15', NULL, 'employer_interview', '2022-11-09 12:36:15', '2022-11-09 12:36:15', '83', '', NULL, NULL, NULL, NULL, NULL, NULL, NULL, 'Pass', '6.12.2021', '3.1.2022', '', '30', NULL),
(204, 2, 1, 1, 'MYO THANDAR AUNG', 'F', '7/TA NGA NA(N)203376', 'U OHN MYINT', '', '10 TH', '8.2.2001', 'TAUNGOO', 'BAGO', '', '5.9.2027', '', '6.9.2022', '', '09779474383', 'MG432966', '', NULL, NULL, '2022-11-09 06:36:15', NULL, 'employer_interview', '2022-11-09 12:36:15', '2022-11-09 12:36:15', '84', '', NULL, NULL, NULL, NULL, NULL, NULL, NULL, 'Pass', '25.7.2022', '25.8.2022', '', '21', NULL),
(205, 2, 1, 1, 'ZIN MAR TUN', 'F', '7/TA NGA NA(N)252184', 'U KYAW NAING ', '', '8 TH', '8.2.2000', 'TAUNGOO', 'BAGO', '', '9.3.2027', '', '10.3.2022', '', '09666646079', 'MF716085', '', NULL, NULL, '2022-11-09 06:36:15', NULL, 'employer_interview', '2022-11-09 12:36:15', '2022-11-09 12:36:15', '85', '', NULL, NULL, NULL, NULL, NULL, NULL, NULL, 'Pass', '11.11.2021', '9.12.2021', '', '22', NULL),
(206, 2, 1, 1, 'KHIN NYO WIN', 'F', '7/TA NGA NA(N)163302', 'U KYI WIN', '', '10 TH', '19.5.1994', 'TAUNGOO', 'BAGO', '', '28.08.2027', '', '29.08.2022', '', '09674162632', 'MG370145', '', NULL, NULL, '2022-11-09 06:36:15', NULL, 'employer_interview', '2022-11-09 12:36:15', '2022-11-09 12:36:15', '86', '', NULL, NULL, NULL, NULL, NULL, NULL, NULL, 'Pass', '6.12.2021', '3.1.2022', '', '28', NULL),
(207, 2, 1, 1, 'NGU WAR WIN', 'F', '7/TA NGA NA(N)203390', 'U AYE SAUNG', '', '10 TH', '10.10.1998', 'TAUNGOO', 'BAGO', '', '28.8.2027', '', '29.8.2022', '', '09798729673', 'MG370143', '', NULL, NULL, '2022-11-09 06:36:15', NULL, 'employer_interview', '2022-11-09 12:36:15', '2022-11-09 12:36:15', '87', '', NULL, NULL, NULL, NULL, NULL, NULL, NULL, 'Pass', '6.12.2021', '3.1.2022', '', '24', NULL),
(208, 2, 1, 1, 'CHERRY TUN', 'F', '7/TA NGA NA(N)152222', 'U KHIN MAUNG', '', '8 TH', '29.6.1987', 'TAUNGOO', 'BAGO', '', '28.8.2027', '', '29.8.2022', '', '09771821120', 'MG370187', '', NULL, NULL, '2022-11-09 06:36:15', NULL, 'employer_interview', '2022-11-09 12:36:15', '2022-11-09 12:36:15', '88', '', NULL, NULL, NULL, NULL, NULL, NULL, NULL, 'Pass', '17.9.2021', '15.10.2021', '', '35', NULL),
(209, 2, 1, 1, 'EI EI KHAING', 'F', '7/TA NGA NA(N)162796', 'U TUN YEE', '', '7 TH', '5.11.1987', 'TAUNGOO', 'BAGO', '', '28.8.2027', '', '29.8.2022', '', '09789878075', 'MG370142', '', NULL, NULL, '2022-11-09 06:36:15', NULL, 'employer_interview', '2022-11-09 12:36:15', '2022-11-09 12:36:15', '89', '', NULL, NULL, NULL, NULL, NULL, NULL, NULL, 'Pass', '27.1.2022', '29.2.2022', '', '35', NULL),
(210, 2, 1, 1, 'SANDAR HTAY', 'F', '9/TA KA NA(N)106304', 'U KHIN THAN', '', '4 TH', '18.4.1989', 'TATKON', 'NAYPYITAW', '', '19.5.2027', '', '20.5.2022', '', '09450511202', 'MF938111', '', NULL, NULL, '2022-11-09 06:36:15', NULL, 'employer_interview', '2022-11-09 12:36:15', '2022-11-09 12:36:15', '90', '', NULL, NULL, NULL, NULL, NULL, NULL, NULL, 'Pass', '8.11.2021', '23.12.2021', '', '33', NULL),
(211, 2, 1, 1, 'THEINT THEINT WIN', 'F', '5/SA LA KA(N)146428', 'U AUNG THEIN WIN', '', '4 TH', '29.11.1999', 'HSALINGYI', 'SAGING', '', '18.2.2027', '', '19.2.2022', '', '09977032830', 'MF679555', '', NULL, NULL, '2022-11-09 06:36:15', NULL, 'employer_interview', '2022-11-09 12:36:15', '2022-11-09 12:36:15', '91', '', NULL, NULL, NULL, NULL, NULL, NULL, NULL, 'Pass', '14.2.2022', '14.3.2022', '', '23', NULL),
(212, 2, 1, 1, 'HTAY HTAY AUNG', 'F', '10/KHA SA NA(N)153726', 'U SAN OO', '', '10 TH', '8.9.2002', 'CHAUNGZON', 'MON', '', '23.12.2026', '', '24.12.2021', '', '09972039122', 'MF570209', '', NULL, NULL, '2022-11-09 06:36:15', NULL, 'employer_interview', '2022-11-09 12:36:15', '2022-11-09 12:36:15', '92', '', NULL, NULL, NULL, NULL, NULL, NULL, NULL, 'Pass', '28.9.2021', '27.10.2021', '', '20', NULL),
(213, 2, 1, 1, 'HTET HTET MOE', 'F', '7/NYA LA PA(N)215501', 'U TIN WIN', '', '6 TH', '28.2.1998', 'NYAUNGLEBIN', 'BAGO', '', '16.12.2026', '', '17.12.2021', '', '09795592901', 'MF501446', '', NULL, NULL, '2022-11-09 06:36:15', NULL, 'employer_interview', '2022-11-09 12:36:15', '2022-11-09 12:36:15', '93', '', NULL, NULL, NULL, NULL, NULL, NULL, NULL, 'Pass', '13.11.2021', '12.12.2021', '', '24', NULL),
(214, 2, 1, 1, 'KYI HTAY', 'F', '7/NYA LA PA(N)195633', 'U HTAY LWIN', '', '5 TH', '23.7.1990', 'NYAUNGLEBIN', 'BAGO', '', '16.12.2026', '', '17.12.2021', '', '09773281542', 'MF501432', '', NULL, NULL, '2022-11-09 06:36:15', NULL, 'employer_interview', '2022-11-09 12:36:15', '2022-11-09 12:36:15', '94', '', NULL, NULL, NULL, NULL, NULL, NULL, NULL, 'Pass', '20.11.2021', '19.12.2021', '', '32', NULL),
(215, 2, 1, 1, 'MOE MOE SWE', 'F', '7/AH TA NA(N)069245', 'U CHIT HLA', '', '6 TH', '30.4.1984', 'OKTWIN', 'BAGO', '', '30.5.2027', '', '31.5.2022', '', '09423334750', 'MF971350', '', NULL, NULL, '2022-11-09 06:36:15', NULL, 'employer_interview', '2022-11-09 12:36:15', '2022-11-09 12:36:15', '95', '', NULL, NULL, NULL, NULL, NULL, NULL, NULL, 'Pass', '27.11.2021', '29.12.2021', '', '36', NULL),
(216, 2, 1, 1, 'WAI MAR PHYO', 'F', '7/AH TA NA (N)154618', ' U MAUNG LWIN', '', '10 TH', '4.4.2002', 'OKTWIN', 'BAGO', '', '21.11.2026', '', '22.11.2021', '', '09660646059', 'MF444323', '', NULL, NULL, '2022-11-09 06:36:15', NULL, 'employer_interview', '2022-11-09 12:36:15', '2022-11-09 12:36:15', '96', '', NULL, NULL, NULL, NULL, NULL, NULL, NULL, 'Pass', '09.10.2021', '8.11.2021', '', '20', NULL),
(217, 2, 1, 1, 'MOE WAI SAN', 'F', '7/AH TA  NA(N)171571', 'U SOE NYUNT', '', '6 TH', '5.4.2003', 'OKTWIN', 'BAGO', '', '13.12.2026', '', '14.12.2021', '', '09667903149', 'MF492303', '', NULL, NULL, '2022-11-09 06:36:15', NULL, 'employer_interview', '2022-11-09 12:36:15', '2022-11-09 12:36:15', '97', '', NULL, NULL, NULL, NULL, NULL, NULL, NULL, 'Pass', '27.9.2021', '27.10.2021', '', '19', NULL),
(218, 2, 1, 1, 'YEE YEE HTAY', 'F', '8/NA MA NA(N)194163', 'U WIN HTAY', '', '4 TH', '20.6.1993', 'NATMAUK', 'MAGWAY', '', '8.9.2027', '', '9.9.2022', '', '09425554963', 'MG447530', '', NULL, NULL, '2022-11-09 06:36:15', NULL, 'employer_interview', '2022-11-09 12:36:15', '2022-11-09 12:36:15', '98', '', NULL, NULL, NULL, NULL, NULL, NULL, NULL, 'Pass', '11.01.2022', '8.2.2022', '', '29', NULL),
(219, 2, 1, 1, 'HNIN HNIN HLAING', 'F', '8/NA MA NA(N)135997', 'U THAN PAING', '', '4 TH', '27.3.1985', 'NATMAUK', 'MAGWAY', '', '8.9.2027', '', '10.9.2022', '', '09440062300', 'MG448480', '', NULL, NULL, '2022-11-09 06:36:15', NULL, 'employer_interview', '2022-11-09 12:36:15', '2022-11-09 12:36:15', '99', '', NULL, NULL, NULL, NULL, NULL, NULL, NULL, 'Pass', '11.1.2022', '8.2.2022', '', '35', NULL),
(220, 2, 1, 1, 'SWE SWE AUNG', 'F', '9/WA TA NA(N)196206', 'U THAN HTAY', '', '5 TH', '15.6.1988', 'WUNDWIN', 'MANDALAY', '', '17.7.2027', '', '18.7.2022', 'B POSITIVE', '09952265977', 'MG159784', '', NULL, NULL, '2022-11-09 06:36:15', NULL, 'employer_interview', '2022-11-09 12:36:15', '2022-11-09 12:36:15', '100', '', NULL, NULL, NULL, NULL, NULL, NULL, NULL, 'Pass', '29.10.2021', '8.12.2021', '', '34', NULL),
(221, 2, 1, 1, 'PHYO OO SAN', 'F', '9/WA TA NA(N)157903', 'U THAN HTAY', '', '6 TH', '1.6.1995', 'WUNDWIN', 'MANDALAY', '', '17.7.2027', '', '18.7.2022', '', '09954473428', 'MG159799', '', NULL, NULL, '2022-11-09 06:36:15', NULL, 'employer_interview', '2022-11-09 12:36:15', '2022-11-09 12:36:15', '101', '', NULL, NULL, NULL, NULL, NULL, NULL, NULL, 'Pass', '24.9.2021', '22.10.2021', '', '27', NULL),
(222, 2, 1, 1, 'AYE CHAN MOE', 'F', '10/KA HTA NA(N)164295', 'U AYE MIN', '', '4 TH', '15.10.1995', 'KYAIKHTO', 'MON', '', '31.7.2027', '', '1.8.2022', '', '09458860131', 'MG219369', '', NULL, NULL, '2022-11-09 06:36:15', NULL, 'employer_interview', '2022-11-09 12:36:15', '2022-11-09 12:36:15', '102', '', NULL, NULL, NULL, NULL, NULL, NULL, NULL, 'Pass', '16.10.2021', '21.11.2027', '', '27', NULL),
(223, 2, 1, 1, 'NANT YU NAING NAING KYAW', 'F', '14/NGA PA TA(N)178771', 'U MAN KYAW OHM', '', '10 TH', '15.6.1988', 'NGAPUTAW', 'AYARWADDY', '', '14.8.2027', '', '15.8.2022', '', '09763856500', 'MG289770', '', NULL, NULL, '2022-11-09 06:36:15', NULL, 'employer_interview', '2022-11-09 12:36:15', '2022-11-09 12:36:15', '103', '', NULL, NULL, NULL, NULL, NULL, NULL, NULL, 'Pass', '16.10.2021', '16.11.2021', '', '34', NULL),
(224, 2, 1, 1, 'NANT EI PO PO KYAW', 'F', '14/NGA PA TA(N)236853', 'U MAN KYAW OHM', '', '2nd(GEO)', '23.2.1997', 'NGAPUTAW', 'AYARWADDY', '', '26.9.2022', '', '27.9.2022', '', '09962947224', 'MG549370', '', NULL, NULL, '2022-11-09 06:36:15', NULL, 'employer_interview', '2022-11-09 12:36:15', '2022-11-09 12:36:15', '104', '', NULL, NULL, NULL, NULL, NULL, NULL, NULL, 'Pass', '7.9.2022', '7.10.2022', '', '25', NULL),
(225, 2, 1, 1, 'WAR WAR AUNG', 'F', '9/PA BA NA(N)177116', 'U THEIN PAING', '', '5 TH', '12.12.1990', 'PYAWBWE', 'MANDALAY', '', '19.6.2027', '', '20.6.2022', '', '09793088009', 'MG054071', '', NULL, NULL, '2022-11-09 06:36:15', NULL, 'employer_interview', '2022-11-09 12:36:15', '2022-11-09 12:36:15', '105', '', NULL, NULL, NULL, NULL, NULL, NULL, NULL, 'Pass', '27.10.2021', '24.11.2021', '', '32', NULL),
(226, 2, 1, 1, 'CHERRY WIN', 'F', '9/PA BA NA(N)293559', 'U THEIN PAING', '', '8 TH', '15.5.2002', 'PYAWBWE', 'MANDALAY', '', '19.6.2027', '', '20.6.2022', '', '09783864723', 'MG054068', '', NULL, NULL, '2022-11-09 06:36:15', NULL, 'employer_interview', '2022-11-09 12:36:15', '2022-11-09 12:36:15', '106', '', NULL, NULL, NULL, NULL, NULL, NULL, NULL, 'Pass', '6.12.2021', '6.1.2022', '', '20', NULL),
(227, 2, 1, 1, 'CHERRY THIN', 'F', '9/PA BA NA(N)293575', 'U THEIN PAING', '', '8 TH', '15.5.2002', 'PYAWBWE', 'MANDALAY', '', '19.6.2027', '', '20.6.2022', '', '09791850925', 'MG054069', '', NULL, NULL, '2022-11-09 06:36:15', NULL, 'employer_interview', '2022-11-09 12:36:15', '2022-11-09 12:36:15', '107', '', NULL, NULL, NULL, NULL, NULL, NULL, NULL, 'Pass', '6.12.2021', '6.1.2022', '', '20', NULL),
(228, 2, 1, 1, 'TOKE TOKE WIN', 'F', '7/PA KHA NA(N)400784', ' U KYAW AUNG', '', '10 TH', '21.8.1998', 'BAGO', 'BAGO', '', '20.6.2027', '', '21.6.2022', '', '09427400688', 'MG056713', '', NULL, NULL, '2022-11-09 06:36:15', NULL, 'employer_interview', '2022-11-09 12:36:15', '2022-11-09 12:36:15', '108', '', NULL, NULL, NULL, NULL, NULL, NULL, NULL, '`', '26.10.2021', '24.11.2021', '', '24', NULL),
(229, 2, 1, 1, 'MYAT THARAPU ZAW', 'F', '7/PA KHA NA(N)398086', 'U THEIN ZAW OO', '', '6 TH', '6.10.1998', 'BAGO', 'BAGO', '', '16.3.2027', '', '17.3.2022', '', '09944014647', 'MG731162', '', NULL, NULL, '2022-11-09 06:36:15', NULL, 'employer_interview', '2022-11-09 12:36:15', '2022-11-09 12:36:15', '109', '', NULL, NULL, NULL, NULL, NULL, NULL, NULL, 'Pass', '9.10.2021', '7.11.2021', '', '24', NULL),
(230, 2, 1, 1, 'ZIN ZIN MAW', 'F', '7/PA KHA NA(N)483170', 'U MYINT KHAING', '', '10 TH', '19.11.2002', 'BAGO', 'BAGO', '', '11.9.2027', '', '12.9.2022', '', '09457572761', 'MG459355', '', NULL, NULL, '2022-11-09 06:36:15', NULL, 'employer_interview', '2022-11-09 12:36:15', '2022-11-09 12:36:15', '110', '', NULL, NULL, NULL, NULL, NULL, NULL, NULL, 'Pass', '23.11.2021', '21.12.2021', '', '20', NULL),
(231, 2, 1, 1, 'NGU WAR HLAING', 'F', '7/PA KHA NA(N)448968', 'U TIN NAING OO', '', '10 TH', '10.12.2001', 'BAGO', 'BAGO', '', '11.9.2027', '', '12.9.2022', '', '09267563201', 'MG459290', '', NULL, NULL, '2022-11-09 06:36:15', NULL, 'employer_interview', '2022-11-09 12:36:15', '2022-11-09 12:36:15', '111', '', NULL, NULL, NULL, NULL, NULL, NULL, NULL, 'Pass', '14.8.2021', '14.9.2021', '', '21', NULL),
(232, 2, 1, 1, 'THIN THIN HLAING', 'F', '7/KA WA NA(N)221502', 'U TIN SAN', '', '4 TH', '30.10.1988', 'KAWA', 'BAGO', '', '11.9.2027', '', '12.9.2022', '', '09793815002', 'MG459306', '', NULL, NULL, '2022-11-09 06:36:15', NULL, 'employer_interview', '2022-11-09 12:36:15', '2022-11-09 12:36:15', '112', '', NULL, NULL, NULL, NULL, NULL, NULL, NULL, 'Pass', '21.11.2021', '19.12.2021', '', '34', NULL),
(233, 2, 1, 1, 'AYE MOE SAN', 'F', '7/KA WA NA(N)218957', 'U ZAW WON', '', '10 TH', '13.5.2001', 'KAWA', 'BAGO', '', '11.9.2027', '', '12.9.2022', '', '09782349715', 'MG459305', '', NULL, NULL, '2022-11-09 06:36:15', NULL, 'employer_interview', '2022-11-09 12:36:15', '2022-11-09 12:36:15', '113', '', NULL, NULL, NULL, NULL, NULL, NULL, NULL, 'Pass', '11.10.2021', '8.11.2021', '', '20', NULL),
(234, 2, 1, 1, 'AYE THU ZAR(2)', 'F', '7/KA WA NA(N)188036', 'U HLA WIN', '', '4 TH', '15.12.1992', 'KAWA', 'BAGO', '', '11.9.2027', '', '12.9.2022', '', '09955041339', 'MG459304', '', NULL, NULL, '2022-11-09 06:36:15', NULL, 'employer_interview', '2022-11-09 12:36:15', '2022-11-09 12:36:15', '114', '', NULL, NULL, NULL, NULL, NULL, NULL, NULL, 'Pass', '6.10.2021', '3.11.2021', '', '30', NULL),
(235, 2, 1, 1, 'ZIN MAR HLAING', 'F', '7/PHA MA NA(N)229013', 'U TIN TUN', '', '6 TH', '15.6.1997', 'PHYU', 'BAGO', '', '12.9.2027', '', '13.9.2022', '', '09756812003', 'MG464471', '', NULL, NULL, '2022-11-09 06:36:15', NULL, 'employer_interview', '2022-11-09 12:36:15', '2022-11-09 12:36:15', '115', '', NULL, NULL, NULL, NULL, NULL, NULL, NULL, 'Pass', '29.9.2021', '27.10.2021', '', '22', NULL),
(236, 2, 1, 1, 'ZAR LI WIN', 'F', '7/PHA MA NA(N)212833', 'U AYE SHWE', '', '8 TH', '2.11.1995', 'PHYU', 'BAGO', '', '18.9.2027', '', '19.9.2022', '', '09765172459', 'MG516994', '', NULL, NULL, '2022-11-09 06:36:15', NULL, 'employer_interview', '2022-11-09 12:36:15', '2022-11-09 12:36:15', '116', '', NULL, NULL, NULL, NULL, NULL, NULL, NULL, 'Pass', '6.12.2021', '5.1.2022', '', '26', NULL),
(237, 2, 1, 1, 'KHAING MAR KYI', 'F', '7/PHA MA NA (N)169089', 'U WIN HTAY', '', '7 TH', '10.4.2004', 'PHYU', 'BAGO', '', '12.9.2027', '', '13.9.2022', '', '09795248507', 'MG464474', '', NULL, NULL, '2022-11-09 06:36:15', NULL, 'employer_interview', '2022-11-09 12:36:15', '2022-11-09 12:36:15', '117', '', NULL, NULL, NULL, NULL, NULL, NULL, NULL, 'Pass', '29.9.2021', '27.10.2021', '', '18', NULL),
(238, 2, 1, 1, 'THET PHYO WAI', 'F', '8/MA BA NA(N)196654', 'U LAY MAUNG', '', '8 TH', '12.6.2003', 'MINBU', 'MAGWAY', '', '16.1.2027', '', '17.1.2022', '', '09670794031', 'MF612984', '', NULL, NULL, '2022-11-09 06:36:15', NULL, 'employer_interview', '2022-11-09 12:36:15', '2022-11-09 12:36:15', '118', '', NULL, NULL, NULL, NULL, NULL, NULL, NULL, 'Pass', '22.11.2021', '21.12.2021', '', '19', NULL),
(239, 2, 1, 1, 'WINT WAH WAH AUNG', 'F', '8/NGA PHA NA(N)027237', 'U THEIN TUN AUNG', '', '10 TH', '5.5.1987', 'NGAPE', 'MAGWAY', '', '22.5.2027', '', '23.5.2022', '', '09789079634', 'MF948492', '', NULL, NULL, '2022-11-09 06:36:15', NULL, 'employer_interview', '2022-11-09 12:36:15', '2022-11-09 12:36:15', '119', '', NULL, NULL, NULL, NULL, NULL, NULL, NULL, 'Pass', '24.11.2021', '28.12.2021', '', '35', NULL),
(240, 2, 1, 1, 'SAN SAN MAW', 'F', '8/NGA PHA NA(N)035224', 'U AYE KYI', '', '4 TH', '2.4.1988', 'NGAPE', 'MAGWAY', '', '28.9.2027', '', '29.9.2022', '', '09668337554', 'MG561843', '', NULL, NULL, '2022-11-09 06:36:15', NULL, 'employer_interview', '2022-11-09 12:36:15', '2022-11-09 12:36:15', '120', '', NULL, NULL, NULL, NULL, NULL, NULL, NULL, 'Pass', '19.3.2022', '16.4.2022', '', '34', NULL),
(242, 3, 2, 2, '', '', '', '', '', '', '', '', '', '', '', '', '', '', '', '', '', NULL, NULL, '2022-11-09 08:00:12', NULL, 'pre_interview', '2022-11-09 14:00:12', '2022-11-09 14:00:12', '', '', NULL, NULL, NULL, NULL, NULL, NULL, NULL, '', '', '', '', '', NULL),
(243, 3, 2, 2, '', '', '', '', '', '', '', '', '', '', '', '', '', '', '', '', '', NULL, NULL, '2022-11-09 08:00:12', NULL, 'pre_interview', '2022-11-09 14:00:12', '2022-11-09 14:00:12', '', '', NULL, NULL, NULL, NULL, NULL, NULL, NULL, '', '', '', '', '', NULL),
(244, 3, 2, 2, '', '', '', '', '', '', '', '', '', '', '', '', '', '', '', '', '', NULL, NULL, '2022-11-09 08:00:12', NULL, 'pre_interview', '2022-11-09 14:00:12', '2022-11-09 14:00:12', '', '', NULL, NULL, NULL, NULL, NULL, NULL, NULL, '', '', '', '', '', NULL),
(245, 3, 2, 2, '', '', '', '', '', '', '', '', '', '', '', '', '', '', '', '', '', NULL, NULL, '2022-11-09 08:00:12', NULL, 'pre_interview', '2022-11-09 14:00:12', '2022-11-09 14:00:12', '', '', NULL, NULL, NULL, NULL, NULL, NULL, NULL, '', '', '', '', '', NULL),
(246, 3, 2, 2, '', '', '', '', '', '', '', '', '', '', '', '', '', '', '', '', '', NULL, NULL, '2022-11-09 08:00:12', NULL, 'pre_interview', '2022-11-09 14:00:12', '2022-11-09 14:00:12', '', '', NULL, NULL, NULL, NULL, NULL, NULL, NULL, '', '', '', '', '', NULL),
(247, 3, 2, 2, '', '', '', '', '', '', '', '', '', '', '', '', '', '', '', '', '', NULL, NULL, '2022-11-09 08:00:12', NULL, 'pre_interview', '2022-11-09 14:00:12', '2022-11-09 14:00:12', '', '', NULL, NULL, NULL, NULL, NULL, NULL, NULL, '', '', '', '', '', NULL),
(248, 3, 2, 2, '', '', '', '', '', '', '', '', '', '', '', '', '', '', '', '', '', NULL, NULL, '2022-11-09 08:00:12', NULL, 'pre_interview', '2022-11-09 14:00:12', '2022-11-09 14:00:12', '', '', NULL, NULL, NULL, NULL, NULL, NULL, NULL, '', '', '', '', '', NULL),
(249, 3, 2, 2, '', '', '', '', '', '', '', '', '', '', '', '', '', '', '', '', '', NULL, NULL, '2022-11-09 08:00:12', NULL, 'pre_interview', '2022-11-09 14:00:12', '2022-11-09 14:00:12', '', '', NULL, NULL, NULL, NULL, NULL, NULL, NULL, '', '', '', '', '', NULL),
(250, 3, 2, 2, '', '', '', '', '', '', '', '', '', '', '', '', '', '', '', '', '', NULL, NULL, '2022-11-09 08:00:12', NULL, 'pre_interview', '2022-11-09 14:00:12', '2022-11-09 14:00:12', '', '', NULL, NULL, NULL, NULL, NULL, NULL, NULL, '', '', '', '', '', NULL),
(251, 3, 2, 2, '', '', '', '', '', '', '', '', '', '', '', '', '', '', '', '', '', NULL, NULL, '2022-11-09 08:00:12', NULL, 'pre_interview', '2022-11-09 14:00:12', '2022-11-09 14:00:12', '', '', NULL, NULL, NULL, NULL, NULL, NULL, NULL, '', '', '', '', '', NULL);
INSERT INTO `name_lists` (`id`, `interview_id`, `demand_id`, `overseas_agencie_id`, `name`, `gender`, `nrc`, `father_name`, `mother_name`, `qualification`, `date_of_birth`, `native_town`, `region`, `come_from_to_interview`, `expiry_date`, `slip_date`, `passport_issue_date`, `medical_fail`, `phone_number`, `passport_number`, `remark`, `labour_card_no`, `issue_of_labour_date`, `join_date`, `bg_color`, `interview_type`, `created_at`, `updated_at`, `no`, `fail_cancel`, `contract_id`, `contract_submit_date`, `contract_user_id`, `sending_id`, `sending_submit_date`, `sending_user_id`, `note`, `physical_and_blindness_test`, `covid_vaccine_first_dose`, `covid_vaccine_second_dose`, `contract_no`, `age`, `departure_date`) VALUES
(252, 3, 2, 2, '', '', '', '', '', '', '', '', '', '', '', '', '', '', '', '', '', NULL, NULL, '2022-11-09 08:00:12', NULL, 'pre_interview', '2022-11-09 14:00:12', '2022-11-09 14:00:12', '', '', NULL, NULL, NULL, NULL, NULL, NULL, NULL, '', '', '', '', '', NULL),
(253, 3, 2, 2, '', '', '', '', '', '', '', '', '', '', '', '', '', '', '', '', '', NULL, NULL, '2022-11-09 08:00:12', NULL, 'pre_interview', '2022-11-09 14:00:12', '2022-11-09 14:00:12', '', '', NULL, NULL, NULL, NULL, NULL, NULL, NULL, '', '', '', '', '', NULL),
(254, 3, 2, 2, '', '', '', '', '', '', '', '', '', '', '', '', '', '', '', '', '', NULL, NULL, '2022-11-09 08:00:12', NULL, 'pre_interview', '2022-11-09 14:00:12', '2022-11-09 14:00:12', '', '', NULL, NULL, NULL, NULL, NULL, NULL, NULL, '', '', '', '', '', NULL),
(255, 3, 2, 2, '', '', '', '', '', '', '', '', '', '', '', '', '', '', '', '', '', NULL, NULL, '2022-11-09 08:00:12', NULL, 'pre_interview', '2022-11-09 14:00:12', '2022-11-09 14:00:12', '', '', NULL, NULL, NULL, NULL, NULL, NULL, NULL, '', '', '', '', '', NULL),
(256, 3, 2, 2, '', '', '', '', '', '', '', '', '', '', '', '', '', '', '', '', '', NULL, NULL, '2022-11-09 08:00:12', NULL, 'pre_interview', '2022-11-09 14:00:12', '2022-11-09 14:00:12', '', '', NULL, NULL, NULL, NULL, NULL, NULL, NULL, '', '', '', '', '', NULL),
(257, 3, 2, 2, '', '', '', '', '', '', '', '', '', '', '', '', '', '', '', '', '', NULL, NULL, '2022-11-09 08:00:12', NULL, 'pre_interview', '2022-11-09 14:00:12', '2022-11-09 14:00:12', '', '', NULL, NULL, NULL, NULL, NULL, NULL, NULL, '', '', '', '', '', NULL),
(258, 3, 2, 2, '', '', '', '', '', '', '', '', '', '', '', '', '', '', '', '', '', NULL, NULL, '2022-11-09 08:00:12', NULL, 'pre_interview', '2022-11-09 14:00:12', '2022-11-09 14:00:12', '', '', NULL, NULL, NULL, NULL, NULL, NULL, NULL, '', '', '', '', '', NULL),
(259, 3, 2, 2, '', '', '', '', '', '', '', '', '', '', '', '', '', '', '', '', '', NULL, NULL, '2022-11-09 08:00:12', NULL, 'pre_interview', '2022-11-09 14:00:12', '2022-11-09 14:00:12', '', '', NULL, NULL, NULL, NULL, NULL, NULL, NULL, '', '', '', '', '', NULL),
(260, 3, 2, 2, '', '', '', '', '', '', '', '', '', '', '', '', '', '', '', '', '', NULL, NULL, '2022-11-09 08:00:12', NULL, 'pre_interview', '2022-11-09 14:00:12', '2022-11-09 14:00:12', '', '', NULL, NULL, NULL, NULL, NULL, NULL, NULL, '', '', '', '', '', NULL),
(261, 3, 2, 2, '', '', '', '', '', '', '', '', '', '', '', '', '', '', '', '', '', NULL, NULL, '2022-11-09 08:00:12', NULL, 'pre_interview', '2022-11-09 14:00:12', '2022-11-09 14:00:12', '', '', NULL, NULL, NULL, NULL, NULL, NULL, NULL, '', '', '', '', '', NULL),
(262, 3, 2, 2, '', '', '', '', '', '', '', '', '', '', '', '', '', '', '', '', '', NULL, NULL, '2022-11-09 08:00:12', NULL, 'pre_interview', '2022-11-09 14:00:12', '2022-11-09 14:00:12', '', '', NULL, NULL, NULL, NULL, NULL, NULL, NULL, '', '', '', '', '', NULL),
(263, 3, 2, 2, '', '', '', '', '', '', '', '', '', '', '', '', '', '', '', '', '', NULL, NULL, '2022-11-09 08:00:12', NULL, 'pre_interview', '2022-11-09 14:00:12', '2022-11-09 14:00:12', '', '', NULL, NULL, NULL, NULL, NULL, NULL, NULL, '', '', '', '', '', NULL),
(264, 3, 2, 2, '', '', '', '', '', '', '', '', '', '', '', '', '', '', '', '', '', NULL, NULL, '2022-11-09 08:00:12', NULL, 'pre_interview', '2022-11-09 14:00:12', '2022-11-09 14:00:12', '', '', NULL, NULL, NULL, NULL, NULL, NULL, NULL, '', '', '', '', '', NULL),
(265, 3, 2, 2, '', '', '', '', '', '', '', '', '', '', '', '', '', '', '', '', '', NULL, NULL, '2022-11-09 08:00:12', NULL, 'pre_interview', '2022-11-09 14:00:12', '2022-11-09 14:00:12', '', '', NULL, NULL, NULL, NULL, NULL, NULL, NULL, '', '', '', '', '', NULL),
(266, 3, 2, 2, '', '', '', '', '', '', '', '', '', '', '', '', '', '', '', '', '', NULL, NULL, '2022-11-09 08:00:12', NULL, 'pre_interview', '2022-11-09 14:00:12', '2022-11-09 14:00:12', '', '', NULL, NULL, NULL, NULL, NULL, NULL, NULL, '', '', '', '', '', NULL),
(267, 3, 2, 2, '', '', '', '', '', '', '', '', '', '', '', '', '', '', '', '', '', NULL, NULL, '2022-11-09 08:00:12', NULL, 'pre_interview', '2022-11-09 14:00:12', '2022-11-09 14:00:12', '', '', NULL, NULL, NULL, NULL, NULL, NULL, NULL, '', '', '', '', '', NULL),
(268, 3, 2, 2, '', '', '', '', '', '', '', '', '', '', '', '', '', '', '', '', '', NULL, NULL, '2022-11-09 08:00:12', NULL, 'pre_interview', '2022-11-09 14:00:12', '2022-11-09 14:00:12', '', '', NULL, NULL, NULL, NULL, NULL, NULL, NULL, '', '', '', '', '', NULL),
(269, 3, 2, 2, '', '', '', '', '', '', '', '', '', '', '', '', '', '', '', '', '', NULL, NULL, '2022-11-09 08:00:12', NULL, 'pre_interview', '2022-11-09 14:00:12', '2022-11-09 14:00:12', '', '', NULL, NULL, NULL, NULL, NULL, NULL, NULL, '', '', '', '', '', NULL),
(270, 3, 2, 2, '', '', '', '', '', '', '', '', '', '', '', '', '', '', '', '', '', NULL, NULL, '2022-11-09 08:00:12', NULL, 'pre_interview', '2022-11-09 14:00:12', '2022-11-09 14:00:12', '', '', NULL, NULL, NULL, NULL, NULL, NULL, NULL, '', '', '', '', '', NULL),
(271, 3, 2, 2, '', '', '', '', '', '', '', '', '', '', '', '', '', '', '', '', '', NULL, NULL, '2022-11-09 08:00:12', NULL, 'pre_interview', '2022-11-09 14:00:12', '2022-11-09 14:00:12', '', '', NULL, NULL, NULL, NULL, NULL, NULL, NULL, '', '', '', '', '', NULL),
(272, 3, 2, 2, '', '', '', '', '', '', '', '', '', '', '', '', '', '', '', '', '', NULL, NULL, '2022-11-09 08:00:12', NULL, 'pre_interview', '2022-11-09 14:00:12', '2022-11-09 14:00:12', '', '', NULL, NULL, NULL, NULL, NULL, NULL, NULL, '', '', '', '', '', NULL),
(273, 3, 2, 2, '', '', '', '', '', '', '', '', '', '', '', '', '', '', '', '', '', NULL, NULL, '2022-11-09 08:00:12', NULL, 'pre_interview', '2022-11-09 14:00:12', '2022-11-09 14:00:12', '', '', NULL, NULL, NULL, NULL, NULL, NULL, NULL, '', '', '', '', '', NULL),
(274, 3, 2, 2, '', '', '', '', '', '', '', '', '', '', '', '', '', '', '', '', '', NULL, NULL, '2022-11-09 08:00:12', NULL, 'pre_interview', '2022-11-09 14:00:12', '2022-11-09 14:00:12', '', '', NULL, NULL, NULL, NULL, NULL, NULL, NULL, '', '', '', '', '', NULL),
(275, 3, 2, 2, '', '', '', '', '', '', '', '', '', '', '', '', '', '', '', '', '', NULL, NULL, '2022-11-09 08:00:12', NULL, 'pre_interview', '2022-11-09 14:00:12', '2022-11-09 14:00:12', '', '', NULL, NULL, NULL, NULL, NULL, NULL, NULL, '', '', '', '', '', NULL),
(276, 3, 2, 2, '', '', '', '', '', '', '', '', '', '', '', '', '', '', '', '', '', NULL, NULL, '2022-11-09 08:00:12', NULL, 'pre_interview', '2022-11-09 14:00:12', '2022-11-09 14:00:12', '', '', NULL, NULL, NULL, NULL, NULL, NULL, NULL, '', '', '', '', '', NULL),
(277, 3, 2, 2, '', '', '', '', '', '', '', '', '', '', '', '', '', '', '', '', '', NULL, NULL, '2022-11-09 08:00:12', NULL, 'pre_interview', '2022-11-09 14:00:12', '2022-11-09 14:00:12', '', '', NULL, NULL, NULL, NULL, NULL, NULL, NULL, '', '', '', '', '', NULL),
(278, 3, 2, 2, '', '', '', '', '', '', '', '', '', '', '', '', '', '', '', '', '', NULL, NULL, '2022-11-09 08:00:12', NULL, 'pre_interview', '2022-11-09 14:00:12', '2022-11-09 14:00:12', '', '', NULL, NULL, NULL, NULL, NULL, NULL, NULL, '', '', '', '', '', NULL),
(279, 3, 2, 2, '', '', '', '', '', '', '', '', '', '', '', '', '', '', '', '', '', NULL, NULL, '2022-11-09 08:00:12', NULL, 'pre_interview', '2022-11-09 14:00:12', '2022-11-09 14:00:12', '', '', NULL, NULL, NULL, NULL, NULL, NULL, NULL, '', '', '', '', '', NULL),
(280, 3, 2, 2, '', '', '', '', '', '', '', '', '', '', '', '', '', '', '', '', '', NULL, NULL, '2022-11-09 08:00:12', NULL, 'pre_interview', '2022-11-09 14:00:12', '2022-11-09 14:00:12', '', '', NULL, NULL, NULL, NULL, NULL, NULL, NULL, '', '', '', '', '', NULL),
(281, 3, 2, 2, '', '', '', '', '', '', '', '', '', '', '', '', '', '', '', '', '', NULL, NULL, '2022-11-09 08:00:12', NULL, 'pre_interview', '2022-11-09 14:00:12', '2022-11-09 14:00:12', '', '', NULL, NULL, NULL, NULL, NULL, NULL, NULL, '', '', '', '', '', NULL),
(282, 3, 2, 2, '', '', '', '', '', '', '', '', '', '', '', '', '', '', '', '', '', NULL, NULL, '2022-11-09 08:00:12', NULL, 'pre_interview', '2022-11-09 14:00:12', '2022-11-09 14:00:12', '', '', NULL, NULL, NULL, NULL, NULL, NULL, NULL, '', '', '', '', '', NULL),
(283, 3, 2, 2, '', '', '', '', '', '', '', '', '', '', '', '', '', '', '', '', '', NULL, NULL, '2022-11-09 08:00:12', NULL, 'pre_interview', '2022-11-09 14:00:12', '2022-11-09 14:00:12', '', '', NULL, NULL, NULL, NULL, NULL, NULL, NULL, '', '', '', '', '', NULL),
(284, 3, 2, 2, '', '', '', '', '', '', '', '', '', '', '', '', '', '', '', '', '', NULL, NULL, '2022-11-09 08:00:12', NULL, 'pre_interview', '2022-11-09 14:00:12', '2022-11-09 14:00:12', '', '', NULL, NULL, NULL, NULL, NULL, NULL, NULL, '', '', '', '', '', NULL),
(285, 3, 2, 2, '', '', '', '', '', '', '', '', '', '', '', '', '', '', '', '', '', NULL, NULL, '2022-11-09 08:00:12', NULL, 'pre_interview', '2022-11-09 14:00:12', '2022-11-09 14:00:12', '', '', NULL, NULL, NULL, NULL, NULL, NULL, NULL, '', '', '', '', '', NULL),
(286, 3, 2, 2, '', '', '', '', '', '', '', '', '', '', '', '', '', '', '', '', '', NULL, NULL, '2022-11-09 08:00:12', NULL, 'pre_interview', '2022-11-09 14:00:12', '2022-11-09 14:00:12', '', '', NULL, NULL, NULL, NULL, NULL, NULL, NULL, '', '', '', '', '', NULL),
(287, 3, 2, 2, '', '', '', '', '', '', '', '', '', '', '', '', '', '', '', '', '', NULL, NULL, '2022-11-09 08:00:12', NULL, 'pre_interview', '2022-11-09 14:00:12', '2022-11-09 14:00:12', '', '', NULL, NULL, NULL, NULL, NULL, NULL, NULL, '', '', '', '', '', NULL),
(288, 3, 2, 2, '', '', '', '', '', '', '', '', '', '', '', '', '', '', '', '', '', NULL, NULL, '2022-11-09 08:00:12', NULL, 'pre_interview', '2022-11-09 14:00:12', '2022-11-09 14:00:12', '', '', NULL, NULL, NULL, NULL, NULL, NULL, NULL, '', '', '', '', '', NULL),
(289, 3, 2, 2, '', '', '', '', '', '', '', '', '', '', '', '', '', '', '', '', '', NULL, NULL, '2022-11-09 08:00:12', NULL, 'pre_interview', '2022-11-09 14:00:12', '2022-11-09 14:00:12', '', '', NULL, NULL, NULL, NULL, NULL, NULL, NULL, '', '', '', '', '', NULL),
(290, 3, 2, 2, '', '', '', '', '', '', '', '', '', '', '', '', '', '', '', '', '', NULL, NULL, '2022-11-09 08:00:12', NULL, 'pre_interview', '2022-11-09 14:00:12', '2022-11-09 14:00:12', '', '', NULL, NULL, NULL, NULL, NULL, NULL, NULL, '', '', '', '', '', NULL),
(291, 3, 2, 2, '', '', '', '', '', '', '', '', '', '', '', '', '', '', '', '', '', NULL, NULL, '2022-11-09 08:00:12', NULL, 'pre_interview', '2022-11-09 14:00:12', '2022-11-09 14:00:12', '', '', NULL, NULL, NULL, NULL, NULL, NULL, NULL, '', '', '', '', '', NULL),
(292, 3, 2, 2, '', '', '', '', '', '', '', '', '', '', '', '', '', '', '', '', '', NULL, NULL, '2022-11-09 08:00:12', NULL, 'pre_interview', '2022-11-09 14:00:12', '2022-11-09 14:00:12', '', '', NULL, NULL, NULL, NULL, NULL, NULL, NULL, '', '', '', '', '', NULL),
(293, 3, 2, 2, '', '', '', '', '', '', '', '', '', '', '', '', '', '', '', '', '', NULL, NULL, '2022-11-09 08:00:12', NULL, 'pre_interview', '2022-11-09 14:00:12', '2022-11-09 14:00:12', '', '', NULL, NULL, NULL, NULL, NULL, NULL, NULL, '', '', '', '', '', NULL),
(294, 3, 2, 2, '', '', '', '', '', '', '', '', '', '', '', '', '', '', '', '', '', NULL, NULL, '2022-11-09 08:00:12', NULL, 'pre_interview', '2022-11-09 14:00:12', '2022-11-09 14:00:12', '', '', NULL, NULL, NULL, NULL, NULL, NULL, NULL, '', '', '', '', '', NULL),
(295, 3, 2, 2, '', '', '', '', '', '', '', '', '', '', '', '', '', '', '', '', '', NULL, NULL, '2022-11-09 08:00:12', NULL, 'pre_interview', '2022-11-09 14:00:12', '2022-11-09 14:00:12', '', '', NULL, NULL, NULL, NULL, NULL, NULL, NULL, '', '', '', '', '', NULL),
(296, 3, 2, 2, '', '', '', '', '', '', '', '', '', '', '', '', '', '', '', '', '', NULL, NULL, '2022-11-09 08:00:12', NULL, 'pre_interview', '2022-11-09 14:00:12', '2022-11-09 14:00:12', '', '', NULL, NULL, NULL, NULL, NULL, NULL, NULL, '', '', '', '', '', NULL),
(297, 3, 2, 2, '', '', '', '', '', '', '', '', '', '', '', '', '', '', '', '', '', NULL, NULL, '2022-11-09 08:00:12', NULL, 'pre_interview', '2022-11-09 14:00:12', '2022-11-09 14:00:12', '', '', NULL, NULL, NULL, NULL, NULL, NULL, NULL, '', '', '', '', '', NULL),
(298, 3, 2, 2, '', '', '', '', '', '', '', '', '', '', '', '', '', '', '', '', '', NULL, NULL, '2022-11-09 08:00:12', NULL, 'pre_interview', '2022-11-09 14:00:12', '2022-11-09 14:00:12', '', '', NULL, NULL, NULL, NULL, NULL, NULL, NULL, '', '', '', '', '', NULL),
(299, 3, 2, 2, '', '', '', '', '', '', '', '', '', '', '', '', '', '', '', '', '', NULL, NULL, '2022-11-09 08:00:12', NULL, 'pre_interview', '2022-11-09 14:00:12', '2022-11-09 14:00:12', '', '', NULL, NULL, NULL, NULL, NULL, NULL, NULL, '', '', '', '', '', NULL),
(300, 3, 2, 2, '', '', '', '', '', '', '', '', '', '', '', '', '', '', '', '', '', NULL, NULL, '2022-11-09 08:00:12', NULL, 'pre_interview', '2022-11-09 14:00:12', '2022-11-09 14:00:12', '', '', NULL, NULL, NULL, NULL, NULL, NULL, NULL, '', '', '', '', '', NULL),
(301, 3, 2, 2, '', '', '', '', '', '', '', '', '', '', '', '', '', '', '', '', '', NULL, NULL, '2022-11-09 08:00:12', NULL, 'pre_interview', '2022-11-09 14:00:12', '2022-11-09 14:00:12', '', '', NULL, NULL, NULL, NULL, NULL, NULL, NULL, '', '', '', '', '', NULL),
(302, 3, 2, 2, '', '', '', '', '', '', '', '', '', '', '', '', '', '', '', '', '', NULL, NULL, '2022-11-09 08:00:12', NULL, 'pre_interview', '2022-11-09 14:00:12', '2022-11-09 14:00:12', '', '', NULL, NULL, NULL, NULL, NULL, NULL, NULL, '', '', '', '', '', NULL),
(303, 3, 2, 2, '', '', '', '', '', '', '', '', '', '', '', '', '', '', '', '', '', NULL, NULL, '2022-11-09 08:00:12', NULL, 'pre_interview', '2022-11-09 14:00:12', '2022-11-09 14:00:12', '', '', NULL, NULL, NULL, NULL, NULL, NULL, NULL, '', '', '', '', '', NULL),
(304, 3, 2, 2, '', '', '', '', '', '', '', '', '', '', '', '', '', '', '', '', '', NULL, NULL, '2022-11-09 08:00:12', NULL, 'pre_interview', '2022-11-09 14:00:12', '2022-11-09 14:00:12', '', '', NULL, NULL, NULL, NULL, NULL, NULL, NULL, '', '', '', '', '', NULL),
(305, 3, 2, 2, '', '', '', '', '', '', '', '', '', '', '', '', '', '', '', '', '', NULL, NULL, '2022-11-09 08:00:12', NULL, 'pre_interview', '2022-11-09 14:00:12', '2022-11-09 14:00:12', '', '', NULL, NULL, NULL, NULL, NULL, NULL, NULL, '', '', '', '', '', NULL),
(306, 3, 2, 2, '', '', '', '', '', '', '', '', '', '', '', '', '', '', '', '', '', NULL, NULL, '2022-11-09 08:00:12', NULL, 'pre_interview', '2022-11-09 14:00:12', '2022-11-09 14:00:12', '', '', NULL, NULL, NULL, NULL, NULL, NULL, NULL, '', '', '', '', '', NULL),
(307, 3, 2, 2, '', '', '', '', '', '', '', '', '', '', '', '', '', '', '', '', '', NULL, NULL, '2022-11-09 08:00:12', NULL, 'pre_interview', '2022-11-09 14:00:12', '2022-11-09 14:00:12', '', '', NULL, NULL, NULL, NULL, NULL, NULL, NULL, '', '', '', '', '', NULL),
(308, 3, 2, 2, '', '', '', '', '', '', '', '', '', '', '', '', '', '', '', '', '', NULL, NULL, '2022-11-09 08:00:12', NULL, 'pre_interview', '2022-11-09 14:00:12', '2022-11-09 14:00:12', '', '', NULL, NULL, NULL, NULL, NULL, NULL, NULL, '', '', '', '', '', NULL),
(309, 3, 2, 2, '', '', '', '', '', '', '', '', '', '', '', '', '', '', '', '', '', NULL, NULL, '2022-11-09 08:00:12', NULL, 'pre_interview', '2022-11-09 14:00:12', '2022-11-09 14:00:12', '', '', NULL, NULL, NULL, NULL, NULL, NULL, NULL, '', '', '', '', '', NULL),
(310, 3, 2, 2, '', '', '', '', '', '', '', '', '', '', '', '', '', '', '', '', '', NULL, NULL, '2022-11-09 08:00:12', NULL, 'pre_interview', '2022-11-09 14:00:12', '2022-11-09 14:00:12', '', '', NULL, NULL, NULL, NULL, NULL, NULL, NULL, '', '', '', '', '', NULL),
(311, 3, 2, 2, '', '', '', '', '', '', '', '', '', '', '', '', '', '', '', '', '', NULL, NULL, '2022-11-09 08:00:12', NULL, 'pre_interview', '2022-11-09 14:00:12', '2022-11-09 14:00:12', '', '', NULL, NULL, NULL, NULL, NULL, NULL, NULL, '', '', '', '', '', NULL),
(312, 3, 2, 2, '', '', '', '', '', '', '', '', '', '', '', '', '', '', '', '', '', NULL, NULL, '2022-11-09 08:00:12', NULL, 'pre_interview', '2022-11-09 14:00:12', '2022-11-09 14:00:12', '', '', NULL, NULL, NULL, NULL, NULL, NULL, NULL, '', '', '', '', '', NULL),
(313, 3, 2, 2, 'SU YAMIN', 'F', '7/PA TA NA(N)165562', 'U WIN NAING', '', '10 TH', '5.3.2003', 'PANTAUNG', 'BAGO', 'PANTAUNG', '5.6.2027', '', '6.6.2022', '', '09796562159', 'MF989255', '', NULL, NULL, '2022-11-09 08:02:18', NULL, 'pre_interview', '2022-11-09 14:02:18', '2022-11-09 14:02:18', '1', '', NULL, NULL, NULL, NULL, NULL, NULL, NULL, 'Pass', '27.9.2021', '25.10.2021', '', '19', NULL),
(314, 3, 2, 2, 'EI MON', 'F', '8/THA YA NA(N)118844', 'U TIN MAUNG WIN', '', '10 TH', '17.8.2003', 'THAYET', 'MAGWAY', 'THAYET', '30.5.2027', '', '31.5.2022', '', '09266125147', 'MF970414', '', NULL, NULL, '2022-11-09 08:02:18', NULL, 'pre_interview', '2022-11-09 14:02:18', '2022-11-09 14:02:18', '2', '', NULL, NULL, NULL, NULL, NULL, NULL, NULL, 'Pass', '27.9.2021', '25.10.2021', '', '19', NULL),
(315, 3, 2, 2, 'WAI ZIN MYINT', 'F', '12/OH KA TA(N)147174', 'U SEIN MYINT', '', '10 TH', '3.10.1989', 'YANGON', 'YANGON', 'YANGON', '22.7.2027', '', '23.7.2022', '', '09757812360', 'MG179774', '', NULL, NULL, '2022-11-09 08:02:18', NULL, 'pre_interview', '2022-11-09 14:02:18', '2022-11-09 14:02:18', '3', '', NULL, NULL, NULL, NULL, NULL, NULL, NULL, 'Pass', '11.11.2021', '9.12.2021', '', '34', NULL),
(316, 3, 2, 2, 'SWE SWE NYEIN', 'F', '12/DA GA SA(N)038344', 'U ZAW WIN', '', '10 TH', '14.1.2003', 'DAGONSEIKKAN', 'YANGON', 'DAGONSEIKKAN', '15.7.2027', '', '16.7.2022', '', '09263637884', 'MG157784', '', NULL, NULL, '2022-11-09 08:02:18', NULL, 'pre_interview', '2022-11-09 14:02:18', '2022-11-09 14:02:18', '4', '', NULL, NULL, NULL, NULL, NULL, NULL, NULL, 'Pass', '8.12.2021', '7.1.2022', '', '19', NULL),
(317, 3, 2, 2, 'SHWE ZIN NAING', 'F', '7/THA NA PA(N)170108', 'U THEIN WIN', '', '2nd(Che)', '12.2.2002', 'THANNATBIN', 'BAGO', 'THANNATBIN', '31.7.2027', '', '1.8.2022', '', '09695769057', 'MG219049', '', NULL, NULL, '2022-11-09 08:02:18', NULL, 'pre_interview', '2022-11-09 14:02:18', '2022-11-09 14:02:18', '5', '', NULL, NULL, NULL, NULL, NULL, NULL, NULL, 'Pass', '8.10.2021', '5.11.2021', '', '20', NULL),
(318, 3, 2, 2, ' EI ZIN PHYO', 'F', '7/PA KHA NA(N)472373', 'U KYIN HTWE', '', '7 TH', '16.1.1997', 'BAGO', 'BAGO', 'BAGO', '', '', '', '', '09984093911', '', '', NULL, NULL, '2022-11-09 08:02:18', NULL, 'pre_interview', '2022-11-09 14:02:18', '2022-11-09 14:02:18', '6', '', NULL, NULL, NULL, NULL, NULL, NULL, NULL, 'Pass', '1.3.2022', '29.3.2022', '', '25', NULL),
(319, 3, 2, 2, 'KAY THWE MOE(2)', 'F', '7/THA NA PA(N)175883', 'U KYAW MOE', '', '10 TH', '21.6.2003', 'THANNATBIN', 'BAGO', 'THANNATBIN', '21.3.2027', '', '22.3.2022', '', '09691414002', 'MF743632', '', NULL, NULL, '2022-11-09 08:02:18', NULL, 'pre_interview', '2022-11-09 14:02:18', '2022-11-09 14:02:18', '7', '', NULL, NULL, NULL, NULL, NULL, NULL, NULL, 'Pass', '5.12.2021', '3.1.2022', '', '19', NULL),
(320, 3, 2, 2, 'MYO PA PA SOE', 'F', '7/KA WA NA(N)164553', 'U SOE AUNG', '', '2nd(Mya)', '19.3.1998', 'KAWA', 'BAGO', 'KAWA', '8.3.2027', '', '9.3.2022', '', '09699450026', 'MF715490', '', NULL, NULL, '2022-11-09 08:02:18', NULL, 'pre_interview', '2022-11-09 14:02:18', '2022-11-09 14:02:18', '8', '', NULL, NULL, NULL, NULL, NULL, NULL, NULL, 'Pass', '13.5.2022', '9.6.2022', '', '24', NULL),
(321, 3, 2, 2, 'MYINT MYAT OO', 'F', '7/THA NA PA(N)160247', 'U LWIN OO', '', '10 TH', '1.6.2000', 'THANNATBIN', 'BAGO', 'THANNATBIN', '3.7.2027', '', '4.7.2022', '', '09686013207', 'MG108227', '', NULL, NULL, '2022-11-09 08:02:18', NULL, 'pre_interview', '2022-11-09 14:02:18', '2022-11-09 14:02:18', '9', '', NULL, NULL, NULL, NULL, NULL, NULL, NULL, 'Pass', '27.8.2021', '24.9.2021', '', '22', NULL),
(322, 3, 2, 2, 'AYE MYAT MOE', 'F', '7/THA NA PA(N)169674', 'U LWIN OO', '', '10 TH', '30.10.2001', 'THANNATBIN', 'BAGO', 'THANNATBIN', '3.7.2027', '', '4.7.2022', '', '09695315847', 'MG108222', '', NULL, NULL, '2022-11-09 08:02:18', NULL, 'pre_interview', '2022-11-09 14:02:18', '2022-11-09 14:02:18', '10', '', NULL, NULL, NULL, NULL, NULL, NULL, NULL, 'Pass', '3.9.2021', '8.10.2021', '', '21', NULL),
(323, 3, 2, 2, 'YIN YIN AYE', 'F', '7/PA KHA KA(N)407925', 'U WIN AUNG', '', '4 TH', '24.7.1994', 'BAGO', 'BAGO', 'BAGO', '3.7.2027', '', '4.7.2022', '', '09755594169', 'MG108218', '', NULL, NULL, '2022-11-09 08:02:18', NULL, 'pre_interview', '2022-11-09 14:02:18', '2022-11-09 14:02:18', '11', '', NULL, NULL, NULL, NULL, NULL, NULL, NULL, 'Pass', '26.11.2021', '24.12.2021', '', '28', NULL),
(324, 3, 2, 2, 'THWE THWE MON', 'F', '9/THA SA NA(N)132898', 'U TUN HLA', '', '10 TH', '6.5.1990', 'THAZI', 'MANDALAY', 'THAZI', '2.2.2027', '', '3.2.2022', '', '09264343165', 'MF646881', '', NULL, NULL, '2022-11-09 08:02:18', NULL, 'pre_interview', '2022-11-09 14:02:18', '2022-11-09 14:02:18', '12', '', NULL, NULL, NULL, NULL, NULL, NULL, NULL, 'Pass', '13.11.2021', '11.12.2021', '', '32', NULL),
(325, 3, 2, 2, 'AYE HTET', 'F', '8/MA LA NA(N)127041', 'U AYE LWIN', '', '4 TH', '21.11.1996', 'MINBU', 'MAGWAY', 'MINBU', '3.8.2027', '', '4.8.2022', '', '09899359237', 'MG233314', '', NULL, NULL, '2022-11-09 08:02:18', NULL, 'pre_interview', '2022-11-09 14:02:18', '2022-11-09 14:02:18', '13', '', NULL, NULL, NULL, NULL, NULL, NULL, NULL, 'Pass', '3.10.2021', '2.11.2021', '', '26', NULL),
(326, 3, 2, 2, 'PAN NU WAI', 'F', '8/MA BA NA(N)187583', 'U KYAW WIN', '', '9 TH', '13.11.2003', 'MINBU', 'MAGWAY', 'MINBU', '1.8.2027', '', '2.8.2022', '', '09425524694', 'MG226988', '', NULL, NULL, '2022-11-09 08:02:18', NULL, 'pre_interview', '2022-11-09 14:02:18', '2022-11-09 14:02:18', '14', '', NULL, NULL, NULL, NULL, NULL, NULL, NULL, 'Pass', '23.11.2021', '23.12.2021', '', '19', NULL),
(327, 3, 2, 2, 'KHIN WIN MAW', 'F', '7/PA KHA NA(N)407929', 'U THAN WIN', '', '9 TH', '29.8.1996', 'BAGO', 'BAGO', 'BAGO', '10.7.2027', '', '11.7.2022', '', '09759133016', 'MG135963', '', NULL, NULL, '2022-11-09 08:02:18', NULL, 'pre_interview', '2022-11-09 14:02:18', '2022-11-09 14:02:18', '15', '', NULL, NULL, NULL, NULL, NULL, NULL, NULL, 'Pass', '7.10.2022', '7.11.2022', '', '26', NULL),
(328, 3, 2, 2, 'SU MON AUNG', 'F', '10/YA MA NA(N)265297', 'U MYO', '', '8 TH', '14.12.2002', 'YE ', 'THNINILARYEE', 'YE', '29.5.2027', '', '30.5.2022', '', '09678354725', 'MF967985', '', NULL, NULL, '2022-11-09 08:02:18', NULL, 'pre_interview', '2022-11-09 14:02:18', '2022-11-09 14:02:18', '16', '', NULL, NULL, NULL, NULL, NULL, NULL, NULL, 'Pass', '7.10.2022', '7.11.2022', '', '20', NULL),
(329, 3, 2, 2, 'PYAE PYAE AUNG', 'F', '7/WA MA NA(N)114862', 'U TIN OHN', '', '7 TH', '16.4.1984', 'WAW', 'BAGO', 'WAW', '6.7.2027', '', '7.7.2022', '', '09427595962', 'MG122178', '', NULL, NULL, '2022-11-09 08:02:18', NULL, 'pre_interview', '2022-11-09 14:02:18', '2022-11-09 14:02:18', '17', '', NULL, NULL, NULL, NULL, NULL, NULL, NULL, 'Pass', '12.10.2021', '10.11.2021', '', '37', NULL),
(330, 3, 2, 2, 'KYE KYI HTOO', 'F', '7/WA MA NA(N)218845', 'U ZAW HTOO', '', '10 TH', '21.4.2003', 'WAW', 'BAGO', 'WAW', '6.7.2027', '', '7.7.2022', '', '09669482080', 'MG122180', '', NULL, NULL, '2022-11-09 08:02:18', NULL, 'pre_interview', '2022-11-09 14:02:18', '2022-11-09 14:02:18', '18', '', NULL, NULL, NULL, NULL, NULL, NULL, NULL, 'Pass', '4.12.2021', '5.1.2022', '', '19', NULL),
(331, 3, 2, 2, 'AYE THUZAR', 'F', '7/WA MA NA(N)208964', 'U THEIN LWIN', '', '7 TH', '25.5.2001', 'WAW', 'BAGO', 'WAW', '6.7.2027', '', '7.7.2022', '', '09965529021', 'MG122186', '', NULL, NULL, '2022-11-09 08:02:18', NULL, 'pre_interview', '2022-11-09 14:02:18', '2022-11-09 14:02:18', '19', '', NULL, NULL, NULL, NULL, NULL, NULL, NULL, 'Pass', '24.11.2021', '28.9.2022', '', '21', NULL),
(332, 3, 2, 2, 'TIN ZAR HLAING', 'F', '7/WA MA NA(N)181624', 'U MYINT AUNG', '', '7 TH', '22.4.1995', 'WAW', 'BAGO', 'WAW', '6.7.2027', '', '7.7.2022', '', '09791124005', 'MG122174', '', NULL, NULL, '2022-11-09 08:02:18', NULL, 'pre_interview', '2022-11-09 14:02:18', '2022-11-09 14:02:18', '20', '', NULL, NULL, NULL, NULL, NULL, NULL, NULL, 'Pass', '5.12.2021', '5.1.2022', '', '27', NULL),
(333, 3, 2, 2, 'PYAE PHYO THWIN', 'F', '9/WA TA NA(N)207233', 'U WIN LWIN', '', 'Final(Mya)', '2.6.1999', 'WUNDWIN', 'MANDALAY', 'WUNDWIN', '21.9.2027', '', '22.9.2022', '', '09444271243', 'MG528999', '', NULL, NULL, '2022-11-09 08:02:18', NULL, 'pre_interview', '2022-11-09 14:02:18', '2022-11-09 14:02:18', '21', '', NULL, NULL, NULL, NULL, NULL, NULL, NULL, 'Pass', '9.2.2022', '8.6.2022', '', '23', NULL),
(334, 3, 2, 2, 'MYINT MYINT SAN', 'F', '9/WA TA NA(N)197074', 'U KYAW THIN', '', '9 TH', '6.2.1997', 'WUNDWIN', 'MANDALAY', 'WUNDWIN', '21.9.2027', '', '22.9.2022', '', '09678003890', 'MG528997', '', NULL, NULL, '2022-11-09 08:02:18', NULL, 'pre_interview', '2022-11-09 14:02:18', '2022-11-09 14:02:18', '22', '', NULL, NULL, NULL, NULL, NULL, NULL, NULL, 'Pass', '7.7.2022', '8.8.2022', '', '25', NULL),
(335, 3, 2, 2, 'THANDAR SOE', 'F', '9/THA SA NA(N)191167', 'U SOE HLAING', '', '5 TH', '13.6.1991', 'THAZI', 'MANDALAY', 'THAZI', '21.9.2027', '', '22.9.2022', '', '09692591309', 'MG528995', '', NULL, NULL, '2022-11-09 08:02:18', NULL, 'pre_interview', '2022-11-09 14:02:18', '2022-11-09 14:02:18', '23', '', NULL, NULL, NULL, NULL, NULL, NULL, NULL, 'Pass', '23.9.2021', '21.10.2021', '', '32', NULL),
(336, 3, 2, 2, 'HNIN SU AUNG', 'F', '9/WA TA NA(N)255287', 'U MYINT NGAL', '', '7 TH', '27.3.1993', 'THAZI', 'MANDALAY', 'THAZI', '21.9.2027', '', '22.9.2022', '', '09982508974', 'MG528993', '', NULL, NULL, '2022-11-09 08:02:18', NULL, 'pre_interview', '2022-11-09 14:02:18', '2022-11-09 14:02:18', '24', '', NULL, NULL, NULL, NULL, NULL, NULL, NULL, 'Pass', '9.6.2022', '7.7.2022', '', '29', NULL),
(337, 3, 2, 2, 'LAE YEE CHO', 'F', '14/WA KHA MA(N)352308', 'U NAING', '', '10 TH', '13.2.2000', 'WAKEMA', 'AYARWADDY', 'WAKEMA', '21.8.2027', '', '22.8.2022', '', '09269780189', 'MG340371', '', NULL, NULL, '2022-11-09 08:02:18', NULL, 'pre_interview', '2022-11-09 14:02:18', '2022-11-09 14:02:18', '25', '', NULL, NULL, NULL, NULL, NULL, NULL, NULL, 'Pass', '2.2.2022', '12.3.2022', '', '22', NULL),
(338, 3, 2, 2, 'CHAW SU', 'F', '14/WA KHA MA(N)251586', 'U PHOE PHAR', '', '3 TH', '8.12.1989', 'WAKEMA', 'AYARWADDY', 'WAKEMA', '10.8.2027', '', '11.8.2022', '', '09762871788', 'MG279407', '', NULL, NULL, '2022-11-09 08:02:18', NULL, 'pre_interview', '2022-11-09 14:02:18', '2022-11-09 14:02:18', '26', '', NULL, NULL, NULL, NULL, NULL, NULL, NULL, 'Pass', '22.11.2021', '20.12.2021', '', '33', NULL),
(339, 3, 2, 2, 'HNIN YA MOHN ZIN', 'F', '14/YA KA NA(N)163329', 'U THAUNG SEIN', '', '3rd(Che)', '1.7.2000', 'YEGYI', 'AYARWADDY', 'YEGYI', '27.10.2027', '', '28.10.2022', '', '09799185981', 'MG732393', '', NULL, NULL, '2022-11-09 08:02:18', NULL, 'pre_interview', '2022-11-09 14:02:18', '2022-11-09 14:02:18', '27', '', NULL, NULL, NULL, NULL, NULL, NULL, NULL, 'Pass', '12.10.2021', '12.11.2021', '', '22', NULL),
(340, 3, 2, 2, 'SU MAYT HTAY', 'F', '7/ WA MA NA(N)155904', 'U KYAW TIN', '', '5 TH', '6.4.1986', 'WAW', 'BAGO', 'WAW', '03.10.2027', '', '04.10.2022', '', '09665847572', 'MG582366', '', NULL, NULL, '2022-11-09 08:02:18', NULL, 'pre_interview', '2022-11-09 14:02:18', '2022-11-09 14:02:18', '28', '', NULL, NULL, NULL, NULL, NULL, NULL, NULL, 'Pass', '30.10.2021', '1.12.2021', '', '36', NULL),
(341, 3, 2, 2, 'NWEE ZIN OO', 'F', '8/ MA LA NA(N)147889', 'U MYINT AUNG', '', '8 TH', '3.4.2004', 'MINHLA', 'MAGWAY', 'MINHLA', '30.5.2027', '', '31.5.2022', '', '09768062164', 'MF970368', '', NULL, NULL, '2022-11-09 08:02:18', NULL, 'pre_interview', '2022-11-09 14:02:18', '2022-11-09 14:02:18', '29', '', NULL, NULL, NULL, NULL, NULL, NULL, NULL, 'Pass', '27.10.2021', '25.11.2021', '', '18', NULL),
(342, 3, 2, 2, 'MOE MOE', 'F', '9/PA THA KA(N)135636', 'U SEIN MIN', '', '7 TH', '16.7.1987', 'PATHEINGYEE', 'MANDALAY', 'PATHEINGYEE', '7.8.2027', '', '8.8.2022', '', '09973834300', 'MG443058', '', NULL, NULL, '2022-11-09 08:02:18', NULL, 'pre_interview', '2022-11-09 14:02:18', '2022-11-09 14:02:18', '30', '', NULL, NULL, NULL, NULL, NULL, NULL, NULL, 'Pass', '12.1.2021', '12.11.2021', '', '35', NULL),
(343, 3, 2, 2, 'EI  YADANAR OO', 'F', '9/PA THA KA(N)183738', 'U KHIN MAUNG OO', '', '10 TH', '5.5.2001', 'PATHEINGYEE', 'MANDALAY', 'PATHEINGYEE', '15.8.2027', '', '16.8.2022', '', '09987845908', 'MG504866', '', NULL, NULL, '2022-11-09 08:02:18', NULL, 'pre_interview', '2022-11-09 14:02:18', '2022-11-09 14:02:18', '31', '', NULL, NULL, NULL, NULL, NULL, NULL, NULL, 'Pass', '26.3.2022', '26.4.2022', '', '21', NULL),
(344, 3, 2, 2, 'ZIN MAR LIN', 'F', '8/MA LA NA(N)105475', 'U SAN KHIN', '', '4 TH', '9.12.1986', 'MINHLA', 'MAGWAY', 'MINHLA', '13.6.2027', '', '14.6.2022', '', '09758094595', 'MG036207', '', NULL, NULL, '2022-11-09 08:02:18', NULL, 'pre_interview', '2022-11-09 14:02:18', '2022-11-09 14:02:18', '32', '', NULL, NULL, NULL, NULL, NULL, NULL, NULL, 'Pass', '28.3.2022', '25.4.2022', '', '36', NULL),
(345, 3, 2, 2, 'MOE SANDAR', 'F', '8/MA LA NA(N)148015', 'U WIN SAW', '', '4 TH', '20.4.2004', 'MINHLA', 'MAGWAY', 'MINHLA', '4.9.2027', '', '5.9.2022', '', '09883323464', 'MG427097', '', NULL, NULL, '2022-11-09 08:02:18', NULL, 'pre_interview', '2022-11-09 14:02:18', '2022-11-09 14:02:18', '33', '', NULL, NULL, NULL, NULL, NULL, NULL, NULL, 'Pass', '26.3.2022', '23.4.2022', '', '18', NULL),
(346, 3, 2, 2, 'HNIN HTET HTET LWIN', 'F', '9/PA THA KA(N)166508', 'U KYI LWIN', '', '9 TH', '8.2.2003', 'PATHEINGYEE', 'MANDALAY', 'PATHEINGYEE', '7.8.2027', '', '8.8.2022', '', '09759432260', 'MG443057', '', NULL, NULL, '2022-11-09 08:02:18', NULL, 'pre_interview', '2022-11-09 14:02:18', '2022-11-09 14:02:18', '34', '', NULL, NULL, NULL, NULL, NULL, NULL, NULL, 'Pass', '12.10.2021', '12.11.2021', '', '19', NULL),
(347, 3, 2, 2, 'PHYU HNIN WAI', 'F', '8/MA BA NA(N)152447', 'U AYE TUN', '', '5 TH', '28.4.2000', 'MINBU', 'MAGWAY', 'MINBU', '2.10.2027', '', '3.10.2022', '', '09440529513', 'MG574772', '', NULL, NULL, '2022-11-09 08:02:18', NULL, 'pre_interview', '2022-11-09 14:02:18', '2022-11-09 14:02:18', '35', '', NULL, NULL, NULL, NULL, NULL, NULL, NULL, 'Pass', '2.10.2021', '9.11.2021', '', '22', NULL),
(348, 3, 2, 2, 'THAN HTAY MU', 'F', '8/MA BA NA(N)115430', 'U TAUNG HTAY', '', '4 TH', '14.10.1988', 'MINBU', 'MAGWAY', 'MINBU', '21.8.2027', '', '22.8.2022', '', '09695886325', 'MG337493', '', NULL, NULL, '2022-11-09 08:02:18', NULL, 'pre_interview', '2022-11-09 14:02:18', '2022-11-09 14:02:18', '36', '', NULL, NULL, NULL, NULL, NULL, NULL, NULL, 'Pass', '30.9.2021', '9.11.2021', '', '34', NULL),
(349, 3, 2, 2, 'HAY NI SOE', 'F', '8/MA BA NA(N)126180', 'U THEIN TUN', '', '4 TH', '6.6.1988', 'MINBU', 'MAGWAY', 'MINBU', '31.10.2026', '', '1.11.2021', '', '09259690833', 'MF402054', '', NULL, NULL, '2022-11-09 08:02:18', NULL, 'pre_interview', '2022-11-09 14:02:18', '2022-11-09 14:02:18', '37', '', NULL, NULL, NULL, NULL, NULL, NULL, NULL, 'Pass', '30.9.2021', '9.11.2021', '', '34', NULL),
(350, 3, 2, 2, 'SU SU HTAY', 'F', '8/MA BA NA(N)152464', 'U HTAY KYI', '', '5 TH', '16.1.2000', 'MINBU', 'MAGWAY', 'MINBU', '15.8.2027', '', '16.8.2022', '', '09664576544', 'MG297405', '', NULL, NULL, '2022-11-09 08:02:18', NULL, 'pre_interview', '2022-11-09 14:02:18', '2022-11-09 14:02:18', '38', '', NULL, NULL, NULL, NULL, NULL, NULL, NULL, 'Pass', '30.9.2021', '9.11.2021', '', '22', NULL),
(351, 3, 2, 2, 'MAY THIN KYU', 'F', '8/MA BA NA(N)121599', 'U OHM SHWE', '', '4 TH', '23.11.1992', 'MINBU', 'MAGWAY', 'MINBU', '7.8.2027', '', '8.8.2022', '', '09454766633', 'MG444802', '', NULL, NULL, '2022-11-09 08:02:18', NULL, 'pre_interview', '2022-11-09 14:02:18', '2022-11-09 14:02:18', '39', '', NULL, NULL, NULL, NULL, NULL, NULL, NULL, 'Pass', '11.3.2022', '8.4.2022', '', '30', NULL),
(352, 3, 2, 2, 'THIDAR AYE', 'F', '8/YA NA KHA(N)110168', 'U KHIN MAUNG SOE', '', '4 TH', '4.10.1985', 'YENAUNGYAUNG', 'MAGWAY', 'YENAUNGYAUNG', '28.4.2027', '', '29.4.2022', '', '09785624103', 'MF862721', '', NULL, NULL, '2022-11-09 08:02:18', NULL, 'pre_interview', '2022-11-09 14:02:18', '2022-11-09 14:02:18', '40', '', NULL, NULL, NULL, NULL, NULL, NULL, NULL, 'Pass', '24.6.2022', '26.7.2022', '', '37', NULL),
(353, 3, 2, 2, 'MYA MYA NAING', 'F', '8/YA NA KHA(N)106022', 'U DOUNG YIN', '', '4 TH', '22.11.1981', 'YENAUNGYAUNG', 'MAGWAY', 'YENAUNGYAUNG', '26.4.2027', '', '27.4.2022', '', '09775755121', 'MF856446', '', NULL, NULL, '2022-11-09 08:02:18', NULL, 'pre_interview', '2022-11-09 14:02:18', '2022-11-09 14:02:18', '41', '', NULL, NULL, NULL, NULL, NULL, NULL, NULL, 'Pass', '24.6.2022', '26.7.2022', '', '40', NULL),
(354, 3, 2, 2, 'PHYU PHYU AUNG', 'F', '7/DA OH NA(N)242603', 'U AYE LWIN', '', '8 TH', '13.5.2004', 'DAIK-U', 'BAGO', 'DAIK-U', '', '21.11.2022', '', '', '09759911395', '', '', NULL, NULL, '2022-11-09 08:02:18', NULL, 'pre_interview', '2022-11-09 14:02:18', '2022-11-09 14:02:18', '42', '', NULL, NULL, NULL, NULL, NULL, NULL, NULL, 'Pass', '11.3.2022', '19.4.2022', '', '18', NULL),
(355, 3, 2, 2, 'JUE JUE', 'F', '7/DA OH NA(N)233523', 'U WIN NAING', '', '4 TH ', '1.1.2001', 'DAIK-U', 'BAGO', 'DAIK-U', '', '21.11.2022', '', '', '09686736384', '', '', NULL, NULL, '2022-11-09 08:02:18', NULL, 'pre_interview', '2022-11-09 14:02:18', '2022-11-09 14:02:18', '43', '', NULL, NULL, NULL, NULL, NULL, NULL, NULL, 'Pass', '25.11.2021', '23.12.2021', '', '21', NULL),
(356, 3, 2, 2, 'KHAING THAZIN SOE', 'F', '7/DA OH NA(N)230467', 'U TIN HTAY', '', '3 TH', '5.1.2003', 'DAIK-U', 'BAGO', 'DAIK-U', '', '21.11.2022', '', '', '09755346120', '', '', NULL, NULL, '2022-11-09 08:02:18', NULL, 'pre_interview', '2022-11-09 14:02:18', '2022-11-09 14:02:18', '44', '', NULL, NULL, NULL, NULL, NULL, NULL, NULL, 'Pass', '8.10.2021', '5.11.2021', '', '19', NULL),
(357, 3, 2, 2, 'THIRI HAN', 'F', '7/DA OH NA(N)218955', 'U YE HTUN OO', '', '5 TH', '22.1.1999', 'DAIK-U', 'BAGO', 'DAIK-U', '', '6.11.2022', '', '', '09783460705', '', '', NULL, NULL, '2022-11-09 08:02:18', NULL, 'pre_interview', '2022-11-09 14:02:18', '2022-11-09 14:02:18', '45', '', NULL, NULL, NULL, NULL, NULL, NULL, NULL, 'Pass', '23.8.2021', '21.9.2021', '', '22', NULL),
(358, 3, 2, 2, 'AYE MYAT CHERRY', 'F', '7/DA OH NA(N)236940', 'U AUNG WIN', '', '4 TH ', '23.9.2003', 'DAIK-U', 'BAGO', 'DAIK-U', '5.9.2022', '', '6.9.2022', '', '09968024718', 'MG433156', '', NULL, NULL, '2022-11-09 08:02:18', NULL, 'pre_interview', '2022-11-09 14:02:18', '2022-11-09 14:02:18', '46', '', NULL, NULL, NULL, NULL, NULL, NULL, NULL, 'Pass', '21.3.2021', '19.4.2021', '', '19', NULL),
(359, 3, 2, 2, 'THIDAR HTWE', 'F', '8/MA BA NA(N)126157', 'U BOE HTIKE', '', '4 TH', '14.3.1991', 'MINBU', 'MAGWAY', 'MINBU', '2.10.2027', '', '3.10.2002', '', '09880256520', 'MG574766', '', NULL, NULL, '2022-11-09 08:02:18', NULL, 'pre_interview', '2022-11-09 14:02:18', '2022-11-09 14:02:18', '47', '', NULL, NULL, NULL, NULL, NULL, NULL, NULL, 'Pass', '26.11.2021', '27.12.2021', '', '32', NULL),
(360, 3, 2, 2, 'CHIT NOE NOE', 'F', '3/LA BA NA(N)142831', 'U HTAY AUNG', '', '10 TH', '27.11.2000', 'HLAIGBWE', 'KAYIN', 'HLAINGBWE', '31.7.2027', '', '1.8.2022', '', '09688908260', 'MG219220', '', NULL, NULL, '2022-11-09 08:02:18', NULL, 'pre_interview', '2022-11-09 14:02:18', '2022-11-09 14:02:18', '48', '', NULL, NULL, NULL, NULL, NULL, NULL, NULL, 'Pass', '22.9.2021', '21.10.2021', '', '22', NULL),
(361, 3, 2, 2, 'KHAING MYO MAR', 'F', '8/YA SA KA(N)215188', 'U HLA TUN', '', 'B.Csc', '30.4.1996', 'PAKUKKU', 'MAGWAY', 'PAKUKKU', '', '', '', '', '09941010986', '', '', NULL, NULL, '2022-11-09 08:02:18', NULL, 'pre_interview', '2022-11-09 14:02:18', '2022-11-09 14:02:18', '49', '', NULL, NULL, NULL, NULL, NULL, NULL, NULL, 'Pass', '29.9.2021', '3.11.2021', '', '26', NULL),
(362, 3, 2, 2, 'CHAW SU NAING', 'F', '7/KA WA NA(N)219148', 'U AUNG NAING WIN', '', '10 TH', '2.6.2003', 'KAWA', 'BAGO', 'KAWA', '10.10.2027', '', '11.10.2022', '', '09662883480', 'MG610187', '', NULL, NULL, '2022-11-09 08:02:18', NULL, 'pre_interview', '2022-11-09 14:02:18', '2022-11-09 14:02:18', '50', '', NULL, NULL, NULL, NULL, NULL, NULL, NULL, 'Pass', '11.10.2021', '8.11.2021', '', '19', NULL),
(363, 3, 2, 2, 'KHAT KHAT AUNG', 'F', '7/KA WA NA(N)133808', 'U TIN HLA', '', '8 TH', '18.8.1988', 'KAWA', 'BAGO', 'KAWA', '16.10.2027', '', '17.10.2022', '', '09698926247', 'MG655226', '', NULL, NULL, '2022-11-09 08:02:18', NULL, 'pre_interview', '2022-11-09 14:02:18', '2022-11-09 14:02:18', '51', '', NULL, NULL, NULL, NULL, NULL, NULL, NULL, 'Pass', '10.10.2021', '5.9.2022', '', '34', NULL),
(364, 3, 2, 2, 'CHAW NANDAR ZIN', 'F', '10/MA LA MA(N)266327', 'U WIN SHWE', '', '10 TH', '11.3.2002', 'MAWLAMYING', 'MON', 'MAWLAMYING', '', '', '', '', '09954303091', '', '', NULL, NULL, '2022-11-09 08:02:18', NULL, 'pre_interview', '2022-11-09 14:02:18', '2022-11-09 14:02:18', '52', '', NULL, NULL, NULL, NULL, NULL, NULL, NULL, 'Pass', '25.11.2021', '28.12.2021', '', '20', NULL),
(365, 3, 2, 2, 'PHYO PHYO SAN', 'F', '9/THA SA NA(N)208202', 'U YE NYUNT', '', '9 TH', '17.5.2003', 'THAZI', 'MANDALAY', 'THAZI', '22.10.2026', '', '23.10.2021', '', '09449313780', 'MF393458', '', NULL, NULL, '2022-11-09 08:02:18', NULL, 'pre_interview', '2022-11-09 14:02:18', '2022-11-09 14:02:18', '53', '', NULL, NULL, NULL, NULL, NULL, NULL, NULL, 'Pass', '16.10.2021', '14.11.2021', '', '19', NULL),
(366, 3, 2, 2, 'HNIN YU HTWE', 'F', '9/THA SA NA(N)208206', 'U MYINT KYAW', '', '9 TH', '20.10.2001', 'THAZI', 'MANDALAY', 'THAZI', '23.8.2027', '', '24.8.2022', '', '09662548597', 'MG348984', '', NULL, NULL, '2022-11-09 08:02:18', NULL, 'pre_interview', '2022-11-09 14:02:18', '2022-11-09 14:02:18', '54', '', NULL, NULL, NULL, NULL, NULL, NULL, NULL, 'Pass', '16.10.2021', '14.11.2021', '', '21', NULL),
(367, 3, 2, 2, 'ZAR CHI LIN', 'F', '9/THA SA NA(N)208196', 'U WIN AUNG', '', '3rd(Zoo)', '5.6.2002', 'THAZI', 'MANDALAY', 'THAZI', '26.10.2026', '', '27.10.2021', '', '09740988758', 'MF398758', '', NULL, NULL, '2022-11-09 08:02:18', NULL, 'pre_interview', '2022-11-09 14:02:18', '2022-11-09 14:02:18', '55', '', NULL, NULL, NULL, NULL, NULL, NULL, NULL, 'Pass', '16.10.2021', '14.11.2021', '', '20', NULL),
(368, 3, 2, 2, 'PHYU ZIN NYEIN', 'F', '9/THA SA NA(N)199097', 'U MYINT PHAY', '', '5 TH', '29.7.1999', 'THAZI', 'MANDALAY', 'THAZI', '1.12.2026', '', '2.12.2021', '', '09674689094', 'MF461539', '', NULL, NULL, '2022-11-09 08:02:18', NULL, 'pre_interview', '2022-11-09 14:02:18', '2022-11-09 14:02:18', '56', '', NULL, NULL, NULL, NULL, NULL, NULL, NULL, 'Pass', '2.12.2021', '1.12.2026', '', '23', NULL),
(369, 3, 2, 2, 'MYO MIN OO', 'M', '14/LA MA NA(N)102727', 'U KYAW TIN', '', '7 TH', '20.3.1995', 'LAYMYATHNAR', 'AYARWADDY', '', '', '22.11.2022', '', '', '09683147319', '', '', NULL, NULL, '2022-11-09 08:02:18', NULL, 'pre_interview', '2022-11-09 14:02:18', '2022-11-09 14:02:18', '1', '', NULL, NULL, NULL, NULL, NULL, NULL, NULL, 'Pass', '15.10.2021', '13.11.2021', '', '28', NULL),
(370, 3, 2, 2, 'PYAE PHYO ZAW', 'M', '12/DA GA MA(N)052557', 'U THEIN SHWE', '', '9 TH', '7.6.2001', 'DAGON(North)', 'YANGON', '', '20.10.2027', '', '21.10.2022', '', '09882388126', 'MG673636', '', NULL, NULL, '2022-11-09 08:02:18', NULL, 'pre_interview', '2022-11-09 14:02:18', '2022-11-09 14:02:18', '2', '', NULL, NULL, NULL, NULL, NULL, NULL, NULL, 'Pass', '7.10.2022', '7.11.2022', '', '21', NULL),
(371, 3, 2, 2, 'SOE TUN KYAW', 'M', '10/TA HTA NA(N)193443', 'U TUN TUN WIN', '', '5 TH ', '7.9.1993', 'THAHTON', 'MON', '', '30.8.2027', '', '31.8.2022', '', '09660961964', 'MG384993', '', NULL, NULL, '2022-11-09 08:02:18', NULL, 'pre_interview', '2022-11-09 14:02:18', '2022-11-09 14:02:18', '3', '', NULL, NULL, NULL, NULL, NULL, NULL, NULL, 'Pass', '1.11.2021', '29.11.2021', '', '29', NULL),
(372, 3, 2, 2, 'AYE TUN NAING', 'M', '8/PA KHA KA(N)317290', 'U MYOT AUNG', '', '10 TH', '8.10.1995', 'MAGWAY', 'MAGWAY', '', '', '', '', '', '09941660112', '', '', NULL, NULL, '2022-11-09 08:02:18', NULL, 'pre_interview', '2022-11-09 14:02:18', '2022-11-09 14:02:18', '4', '', NULL, NULL, NULL, NULL, NULL, NULL, NULL, 'Pass', '17.1.2022', '14.2.2022', '', '26', NULL),
(373, 3, 2, 2, 'AUNG NAING HTAY', 'M', '11/PA NA TA(N)106843', 'U SAW THEIN', '', '10 TH', '8.11.1999', 'SITTWE', 'RAKHAING', '', '20.8.2027', '', '21.8.2022', '', '09687282658', 'MG335591', '', NULL, NULL, '2022-11-09 08:02:18', NULL, 'pre_interview', '2022-11-09 14:02:18', '2022-11-09 14:02:18', '5', '', NULL, NULL, NULL, NULL, NULL, NULL, NULL, 'Pass', '13.10.2021', '19.11.2021', '', '23', NULL),
(374, 3, 2, 2, 'AUNG MYO MIN', 'M', '12/LA THA YA(N)112622', 'U ZIN MIN TUN', '', '10 TH', '2.2.2003', 'YANGON', 'YANGON', '', '28.7.2027', '', '29.7.2022', '', '09880094243', 'MG207185', '', NULL, NULL, '2022-11-09 08:02:18', NULL, 'pre_interview', '2022-11-09 14:02:18', '2022-11-09 14:02:18', '6', '', NULL, NULL, NULL, NULL, NULL, NULL, NULL, 'Pass', '11.11.2021', '23.12.2022', '', '19', NULL),
(375, 3, 2, 2, 'NYAN LIN OO', 'M', '10/MA LA MA(N)274348', 'U WIN SHWE', '', '10 TH', '22.5.1994', 'MAWLAMYAING', 'MON', '', '', '', '', '', '09771316274', '', '', NULL, NULL, '2022-11-09 08:02:18', NULL, 'pre_interview', '2022-11-09 14:02:18', '2022-11-09 14:02:18', '7', '', NULL, NULL, NULL, NULL, NULL, NULL, NULL, 'Pass', '6.11.2021', '4.12.2021', '', '28', NULL),
(376, 3, 2, 2, 'MYAT THU', 'M', '5/KA LA NA(N)066415', 'U MYINT WIN', '', 'BA(Geo)', '16.5.1996', 'SAGAING', 'SAGAING', '', '', '10.11.2022', '', '', '09880549573', '', '', NULL, NULL, '2022-11-09 08:02:18', NULL, 'pre_interview', '2022-11-09 14:02:18', '2022-11-09 14:02:18', '8', '', NULL, NULL, NULL, NULL, NULL, NULL, NULL, 'Pass', '8.5.2021', '2.6.2021', '', '26', NULL),
(377, 3, 2, 2, 'WAI PHYO THU', 'M', '7/TA NGA NA(N)164778', 'U SOE WAI', '', '8 TH', '13.11.1991', 'TAUNGOO', 'BAGO', '', '2010.2027', '', '21.10.2022', '', '09772850377', 'MG674196', '', NULL, NULL, '2022-11-09 08:02:18', NULL, 'pre_interview', '2022-11-09 14:02:18', '2022-11-09 14:02:18', '9', '', NULL, NULL, NULL, NULL, NULL, NULL, NULL, 'Pass', '8.10.2022', '8.11.2022', '', '31', NULL),
(378, 3, 2, 2, 'HEIN PYAE PHYO', 'M', '7/PA BA NA(N)250764', 'U THET NAING', '', '1 st(Computer)', '9.5.2004', 'PYAWBE', 'MANDALAY', '', '28.9.2027', '', '29.9.2022', '', '09683482332', 'MG560277', '', NULL, NULL, '2022-11-09 08:02:18', NULL, 'pre_interview', '2022-11-09 14:02:18', '2022-11-09 14:02:18', '10', '', NULL, NULL, NULL, NULL, NULL, NULL, NULL, 'Pass', '17.11.2021', '16.12.2021', '', '18', NULL),
(379, 3, 2, 2, 'SA KYAW MIN OO', 'M', '14/NGA PA TA(N)206588', 'U  ZAW MIN TUN', '', '5 TH ', '4.9.1990', 'NGAPUTAW', 'AYARWADDY', '', '14.8.2027', '', '15.8.2022', '', '09740993007', 'MG289789', '', NULL, NULL, '2022-11-09 08:02:18', NULL, 'pre_interview', '2022-11-09 14:02:18', '2022-11-09 14:02:18', '11', '', NULL, NULL, NULL, NULL, NULL, NULL, NULL, 'Pass', '2.12.2021', '15.1.2022', '', '32', NULL),
(380, 3, 2, 2, 'AYE MIN OO', 'M', '10/BA LA NA(N)133687', 'U AUNG MOE', '', '10 TH', '6.9.1998', 'BILIN', 'MON', '', '17.10.2027', '', '18.10.2022', '', '09673455217', 'MG663752', '', NULL, NULL, '2022-11-09 08:02:18', NULL, 'pre_interview', '2022-11-09 14:02:18', '2022-11-09 14:02:18', '12', '', NULL, NULL, NULL, NULL, NULL, NULL, NULL, 'Pass', '24.9.2021', '22.10.2021', '', '24', NULL),
(381, 3, 2, 2, 'NAING LIN', 'M', '14/PHA PA NA(N)245906', 'U MYTINT KYI', '', '9 TH', '17.5.1991', 'PYAPON', 'AYARWADDY', '', '2.3.2027', '', '3.3.2022', '', '09695746208', 'MF701716', '', NULL, NULL, '2022-11-09 08:02:18', NULL, 'pre_interview', '2022-11-09 14:02:18', '2022-11-09 14:02:18', '13', '', NULL, NULL, NULL, NULL, NULL, NULL, NULL, 'Pass', '1.3.2022', '1.4.2022', '', '31', NULL),
(382, 3, 2, 2, 'SAI MAUNG MAUNG', 'M', '14/PHA PA NA(N)219585', 'U MYINT SOE', '', '10 TH', '22.6.2001', 'PYAPON', 'AYARWADDY', '', '21.9.2027', '', '22.9.2022', '', '09797506883', 'MG529128', '', NULL, NULL, '2022-11-09 08:02:18', NULL, 'pre_interview', '2022-11-09 14:02:18', '2022-11-09 14:02:18', '14', '', NULL, NULL, NULL, NULL, NULL, NULL, NULL, 'Pass', '22.9.2001', '21.9.2022', '', '21', NULL);

-- --------------------------------------------------------

--
-- Table structure for table `overseas_agencies`
--

CREATE TABLE `overseas_agencies` (
  `id` int(10) UNSIGNED NOT NULL,
  `employer_name` text COLLATE utf8mb4_unicode_ci,
  `type_of_company` text COLLATE utf8mb4_unicode_ci,
  `company_phone` text COLLATE utf8mb4_unicode_ci,
  `company_email` text COLLATE utf8mb4_unicode_ci,
  `company_website` text COLLATE utf8mb4_unicode_ci,
  `company_address` text COLLATE utf8mb4_unicode_ci,
  `countrie_id` text COLLATE utf8mb4_unicode_ci,
  `remark` text COLLATE utf8mb4_unicode_ci,
  `created_at` timestamp NULL DEFAULT NULL,
  `updated_at` timestamp NULL DEFAULT NULL
) ENGINE=InnoDB DEFAULT CHARSET=utf8mb4 COLLATE=utf8mb4_unicode_ci;

--
-- Dumping data for table `overseas_agencies`
--

INSERT INTO `overseas_agencies` (`id`, `employer_name`, `type_of_company`, `company_phone`, `company_email`, `company_website`, `company_address`, `countrie_id`, `remark`, `created_at`, `updated_at`) VALUES
(1, 'THAI UNION MANUFACTURING CO., LTD. (TUM) / F-120 (8.11.2022)', 'canned tuna and pet food', '66 (0) 2298-0025, 2298-0421', 'Wararat.Nakdang@thaiunion.com', 'https://www.thaiunion.com/en/about/company/subsidiary/72/thai-union-manufacturing-co-ltd', '979/13-16 M Floor, S.M. Tower, Phaholyothin Road, Samsennai, Phayathai, Bangkok 10400', '1', '1-Email owner is P\'Jang\r\n2-Demand ,Demand number will be TUM-5(Confirm by MD) ,Male - 40 .Female -160 ,\r\nTotal -200.\r\n3-Pre-interview will be begin at 7.11.2022.', '2022-11-05 10:11:55', '2022-11-09 14:01:10'),
(2, 'THAI UNION MANUFACTURING CO., LTD. (TUM)(9.11.2022)', 'canned tuna and pet food', '66 (0) 2298-0025, 2298-0421', 'Wararat.Nakdang@thaiunion.com', 'https://www.thaiunion.com/en/about/company/subsidiary/72/thai-union-manufacturing-co-ltd', '979/13-16 M Floor, S.M. Tower, Phaholyothin Road, Samsennai, Phayathai, Bangkok 10400', '1', '1-Email owner is P\'Jang\r\n2-Demand ,Demand number will be TUM-5(Confirm by MD) ,Male - 40 .Female -160 ,\r\nTotal -200.\r\n3-Pre-interview will be begin at 7.11.2022/8.11.2022', '2022-11-09 09:01:45', '2022-11-09 09:07:27');

-- --------------------------------------------------------

--
-- Table structure for table `password_resets`
--

CREATE TABLE `password_resets` (
  `email` varchar(255) COLLATE utf8mb4_unicode_ci NOT NULL,
  `token` varchar(255) COLLATE utf8mb4_unicode_ci NOT NULL,
  `created_at` timestamp NULL DEFAULT NULL
) ENGINE=InnoDB DEFAULT CHARSET=utf8mb4 COLLATE=utf8mb4_unicode_ci;

--
-- Dumping data for table `password_resets`
--

INSERT INTO `password_resets` (`email`, `token`, `created_at`) VALUES
('admin@gmail.com', '$2y$10$SvkOFRwzjk0N9RKpC4bAfOsMK3nRyM8BKKiqcmcBphGKoejsqVrLq', '2022-09-28 23:57:59');

-- --------------------------------------------------------

--
-- Table structure for table `personal_access_tokens`
--

CREATE TABLE `personal_access_tokens` (
  `id` bigint(20) UNSIGNED NOT NULL,
  `tokenable_type` varchar(255) COLLATE utf8mb4_unicode_ci NOT NULL,
  `tokenable_id` bigint(20) UNSIGNED NOT NULL,
  `name` varchar(255) COLLATE utf8mb4_unicode_ci NOT NULL,
  `token` varchar(64) COLLATE utf8mb4_unicode_ci NOT NULL,
  `abilities` text COLLATE utf8mb4_unicode_ci,
  `last_used_at` timestamp NULL DEFAULT NULL,
  `created_at` timestamp NULL DEFAULT NULL,
  `updated_at` timestamp NULL DEFAULT NULL
) ENGINE=InnoDB DEFAULT CHARSET=utf8mb4 COLLATE=utf8mb4_unicode_ci;

-- --------------------------------------------------------

--
-- Table structure for table `pre_interviews`
--

CREATE TABLE `pre_interviews` (
  `id` int(10) UNSIGNED NOT NULL,
  `demand_id` int(11) DEFAULT NULL,
  `interview_date` text COLLATE utf8mb4_unicode_ci,
  `male` text COLLATE utf8mb4_unicode_ci,
  `female` text COLLATE utf8mb4_unicode_ci,
  `created_at` timestamp NULL DEFAULT NULL,
  `updated_at` timestamp NULL DEFAULT NULL,
  `overseas_agencie_id` int(11) DEFAULT NULL,
  `interview_title` text COLLATE utf8mb4_unicode_ci
) ENGINE=InnoDB DEFAULT CHARSET=utf8mb4 COLLATE=utf8mb4_unicode_ci;

-- --------------------------------------------------------

--
-- Table structure for table `sendings`
--

CREATE TABLE `sendings` (
  `id` int(10) UNSIGNED NOT NULL,
  `contract_id` int(11) DEFAULT NULL,
  `demand_id` int(11) DEFAULT NULL,
  `overseas_agencie_id` int(11) DEFAULT NULL,
  `sending_date` text COLLATE utf8mb4_unicode_ci,
  `male` text COLLATE utf8mb4_unicode_ci,
  `female` text COLLATE utf8mb4_unicode_ci,
  `remark` text COLLATE utf8mb4_unicode_ci,
  `user_id` text COLLATE utf8mb4_unicode_ci,
  `created_at` timestamp NULL DEFAULT NULL,
  `updated_at` timestamp NULL DEFAULT NULL
) ENGINE=InnoDB DEFAULT CHARSET=utf8mb4 COLLATE=utf8mb4_unicode_ci;

-- --------------------------------------------------------

--
-- Table structure for table `users`
--

CREATE TABLE `users` (
  `id` bigint(20) UNSIGNED NOT NULL,
  `name` varchar(255) COLLATE utf8mb4_unicode_ci NOT NULL,
  `email` varchar(255) COLLATE utf8mb4_unicode_ci NOT NULL,
  `email_verified_at` timestamp NULL DEFAULT NULL,
  `password` varchar(255) COLLATE utf8mb4_unicode_ci NOT NULL,
  `remember_token` varchar(100) COLLATE utf8mb4_unicode_ci DEFAULT NULL,
  `created_at` timestamp NULL DEFAULT NULL,
  `updated_at` timestamp NULL DEFAULT NULL,
  `employee_id` text COLLATE utf8mb4_unicode_ci,
  `phone` text COLLATE utf8mb4_unicode_ci,
  `nrc_number` text COLLATE utf8mb4_unicode_ci,
  `gender` text COLLATE utf8mb4_unicode_ci,
  `address` text COLLATE utf8mb4_unicode_ci,
  `join_date` text COLLATE utf8mb4_unicode_ci,
  `passport_photo` text COLLATE utf8mb4_unicode_ci,
  `last_login_at` text COLLATE utf8mb4_unicode_ci,
  `last_login_ip` text COLLATE utf8mb4_unicode_ci,
  `device` text COLLATE utf8mb4_unicode_ci
) ENGINE=InnoDB DEFAULT CHARSET=utf8mb4 COLLATE=utf8mb4_unicode_ci;

--
-- Dumping data for table `users`
--

INSERT INTO `users` (`id`, `name`, `email`, `email_verified_at`, `password`, `remember_token`, `created_at`, `updated_at`, `employee_id`, `phone`, `nrc_number`, `gender`, `address`, `join_date`, `passport_photo`, `last_login_at`, `last_login_ip`, `device`) VALUES
(1, 'U Admin', 'admin@gmail.com', NULL, '$2y$10$XghoSCFS2wmT1V8yHZC1HOeFn.2GEcMBOjA7ecXgzxLiEAdJxij96', NULL, '2022-09-28 23:48:46', '2022-11-10 19:53:38', '00001', '091231231233', '1/abc(n)009221', 'male', 'YGN', '2022-09-29 03:07 PM', 'public/passport/zFWl8Bms7NsJ2ULPZFVnHQRpMrzYJkkdYHYMfVmV.png', '2022-11-10 13:53:38', '45.125.5.90', 'Mozilla/5.0 (Macintosh; Intel Mac OS X 10_15_7) AppleWebKit/537.36 (KHTML, like Gecko) Chrome/107.0.0.0 Safari/537.36'),
(2, 'Mg Mg', 'mgmg@gmail.com', NULL, '$2y$10$Y/SX9IYZlHq8K85iEdedAuCZNwI8GkK.wBuOjItk2OZ0LnG8oC11e', NULL, '2022-09-29 01:31:35', '2022-10-25 01:06:49', '00002', '09123123123', '1/abc(n)009221', 'male', 'Yangon', '2022-10-25 02:06 PM', 'public/passport/HDdLmt2GDQemtebUgYajsRsVW1SOj75IYJya1Eqi.png', NULL, NULL, NULL);

--
-- Indexes for dumped tables
--

--
-- Indexes for table `contracts`
--
ALTER TABLE `contracts`
  ADD PRIMARY KEY (`id`);

--
-- Indexes for table `countries`
--
ALTER TABLE `countries`
  ADD PRIMARY KEY (`id`);

--
-- Indexes for table `demands`
--
ALTER TABLE `demands`
  ADD PRIMARY KEY (`id`);

--
-- Indexes for table `employer_interviews`
--
ALTER TABLE `employer_interviews`
  ADD PRIMARY KEY (`id`);

--
-- Indexes for table `failed_jobs`
--
ALTER TABLE `failed_jobs`
  ADD PRIMARY KEY (`id`),
  ADD UNIQUE KEY `failed_jobs_uuid_unique` (`uuid`);

--
-- Indexes for table `government_process_contracts`
--
ALTER TABLE `government_process_contracts`
  ADD PRIMARY KEY (`id`);

--
-- Indexes for table `government_process_sendings`
--
ALTER TABLE `government_process_sendings`
  ADD PRIMARY KEY (`id`);

--
-- Indexes for table `interviews`
--
ALTER TABLE `interviews`
  ADD PRIMARY KEY (`id`);

--
-- Indexes for table `migrations`
--
ALTER TABLE `migrations`
  ADD PRIMARY KEY (`id`);

--
-- Indexes for table `name_lists`
--
ALTER TABLE `name_lists`
  ADD PRIMARY KEY (`id`);

--
-- Indexes for table `overseas_agencies`
--
ALTER TABLE `overseas_agencies`
  ADD PRIMARY KEY (`id`);

--
-- Indexes for table `password_resets`
--
ALTER TABLE `password_resets`
  ADD KEY `password_resets_email_index` (`email`);

--
-- Indexes for table `personal_access_tokens`
--
ALTER TABLE `personal_access_tokens`
  ADD PRIMARY KEY (`id`),
  ADD UNIQUE KEY `personal_access_tokens_token_unique` (`token`),
  ADD KEY `personal_access_tokens_tokenable_type_tokenable_id_index` (`tokenable_type`,`tokenable_id`);

--
-- Indexes for table `pre_interviews`
--
ALTER TABLE `pre_interviews`
  ADD PRIMARY KEY (`id`);

--
-- Indexes for table `sendings`
--
ALTER TABLE `sendings`
  ADD PRIMARY KEY (`id`);

--
-- Indexes for table `users`
--
ALTER TABLE `users`
  ADD PRIMARY KEY (`id`),
  ADD UNIQUE KEY `users_email_unique` (`email`);

--
-- AUTO_INCREMENT for dumped tables
--

--
-- AUTO_INCREMENT for table `contracts`
--
ALTER TABLE `contracts`
  MODIFY `id` int(10) UNSIGNED NOT NULL AUTO_INCREMENT;

--
-- AUTO_INCREMENT for table `countries`
--
ALTER TABLE `countries`
  MODIFY `id` int(10) UNSIGNED NOT NULL AUTO_INCREMENT, AUTO_INCREMENT=2;

--
-- AUTO_INCREMENT for table `demands`
--
ALTER TABLE `demands`
  MODIFY `id` int(10) UNSIGNED NOT NULL AUTO_INCREMENT, AUTO_INCREMENT=3;

--
-- AUTO_INCREMENT for table `employer_interviews`
--
ALTER TABLE `employer_interviews`
  MODIFY `id` int(10) UNSIGNED NOT NULL AUTO_INCREMENT;

--
-- AUTO_INCREMENT for table `failed_jobs`
--
ALTER TABLE `failed_jobs`
  MODIFY `id` bigint(20) UNSIGNED NOT NULL AUTO_INCREMENT;

--
-- AUTO_INCREMENT for table `government_process_contracts`
--
ALTER TABLE `government_process_contracts`
  MODIFY `id` int(10) UNSIGNED NOT NULL AUTO_INCREMENT;

--
-- AUTO_INCREMENT for table `government_process_sendings`
--
ALTER TABLE `government_process_sendings`
  MODIFY `id` int(10) UNSIGNED NOT NULL AUTO_INCREMENT;

--
-- AUTO_INCREMENT for table `interviews`
--
ALTER TABLE `interviews`
  MODIFY `id` int(10) UNSIGNED NOT NULL AUTO_INCREMENT, AUTO_INCREMENT=4;

--
-- AUTO_INCREMENT for table `migrations`
--
ALTER TABLE `migrations`
  MODIFY `id` int(10) UNSIGNED NOT NULL AUTO_INCREMENT, AUTO_INCREMENT=45;

--
-- AUTO_INCREMENT for table `name_lists`
--
ALTER TABLE `name_lists`
  MODIFY `id` int(10) UNSIGNED NOT NULL AUTO_INCREMENT, AUTO_INCREMENT=383;

--
-- AUTO_INCREMENT for table `overseas_agencies`
--
ALTER TABLE `overseas_agencies`
  MODIFY `id` int(10) UNSIGNED NOT NULL AUTO_INCREMENT, AUTO_INCREMENT=3;

--
-- AUTO_INCREMENT for table `personal_access_tokens`
--
ALTER TABLE `personal_access_tokens`
  MODIFY `id` bigint(20) UNSIGNED NOT NULL AUTO_INCREMENT;

--
-- AUTO_INCREMENT for table `pre_interviews`
--
ALTER TABLE `pre_interviews`
  MODIFY `id` int(10) UNSIGNED NOT NULL AUTO_INCREMENT;

--
-- AUTO_INCREMENT for table `sendings`
--
ALTER TABLE `sendings`
  MODIFY `id` int(10) UNSIGNED NOT NULL AUTO_INCREMENT;

--
-- AUTO_INCREMENT for table `users`
--
ALTER TABLE `users`
  MODIFY `id` bigint(20) UNSIGNED NOT NULL AUTO_INCREMENT, AUTO_INCREMENT=3;
COMMIT;

/*!40101 SET CHARACTER_SET_CLIENT=@OLD_CHARACTER_SET_CLIENT */;
/*!40101 SET CHARACTER_SET_RESULTS=@OLD_CHARACTER_SET_RESULTS */;
/*!40101 SET COLLATION_CONNECTION=@OLD_COLLATION_CONNECTION */;
